name	chrom	h3k27me3_percentile	h3k36me3_percentile
AAK1	chr2	0.313016884906961	0.66815988973122
ABAT	chr16	0.578437284631289	0.438146106133701
ABCA12	chr2	0.467823914541695	0.514774293590627
ABCA5	chr17	0.171218125430737	0.678411440385941
ABCB4	chr7	0.513137491385252	0.512017574086837
ABCC1	chr16	0.16617849758787	0.898561337008959
ABCC4	chr13	0.238542384562371	0.757753273604411
ABCC5	chr3	0.202748104755341	0.573483804272915
ABCF2	chr7	0.410751206064783	0.858890420399724
ABL1	chr9	0.169452101998622	0.596355961405927
ABLIM1	chr10	0.703911095796003	0.469503790489318
ABR	chr17	0.1394727773949	0.784157477601654
ACACA	chr17	0.243108201240524	0.72355272226051
ACAD9	chr3	0.131374913852516	0.935217091660923
ACADM	chr1	0.210759820813232	0.880685733976568
ACADSB	chr10	0.250818401102688	0.559614059269469
ACBD6	chr1	0.3993366643694	0.638395933838732
ACOXL	chr2	0.866643694004135	0.362982425913163
ACSS1	chr20	0.223638869745003	0.679229841488629
ACTN4	chr19	0.149767401791868	0.77381977946244
ACTR2	chr2	0.147699862164025	0.918073742246726
ACTR5	chr20	0.321071674707099	0.815429014472777
ADAM23	chr2	0.766368022053756	0.44960372157133
ADAMTS16	chr5	0.624440041350793	0.171088904203997
ADAMTS20	chr12	0.65618538938663	0.263611302549966
ADAR	chr1	0.120649552033081	0.933106478290834
ADARB1	chr21	0.848466574776017	0.382279462439697
ADCK1	chr14	0.198139214334941	0.526533425223983
ADCY2	chr5	0.66329255685734	0.226352515506547
ADNP	chr20	0.224758787043418	0.911268090971744
AFF1	chr4	0.177463818056513	0.801645416953825
AGPAT4	chr6	0.555780496209511	0.42552549965541
AIG1	chr6	0.470408339076499	0.481478290833908
AIM1	chr6	0.20460027567195	0.840756374913852
AJAP1	chr1	0.684657133011716	0.0972605099931082
AK3	chr9	0.255599586492074	0.835372157133012
AKAP11	chr13	0.313921433494142	0.893177119228118
AKAP2	chr9	0.231650585802895	0.79552894555479
AKAP6	chr14	0.619055823569952	0.34342694693315
AKAP9	chr7	0.374353893866299	0.763180565127498
ALCAM	chr3	0.373664713990352	0.620046519641626
ALDH18A1	chr10	0.295959682977257	0.974672639558925
ALDH1L2	chr12	0.416523087525844	0.592996209510682
ALG8	chr11	0.215325637491385	0.741471399035148
ALPK1	chr4	0.369615782219159	0.560217091660923
AMD1	chr6	0.417212267401792	0.538852515506547
AMICA1	chr11	0.743108201240524	0.35553066850448
AMPD3	chr11	0.67578394210889	0.621037215713301
ANAPC10	chr4	0.251162991040662	0.650887319090283
ANKFY1	chr17	0.193831840110269	0.874310820124052
ANKH	chr5	0.380987250172295	0.559743280496209
ANKIB1	chr7	0.296648862853205	0.737465541006203
ANKRD10	chr13	0.216402481047553	0.821890075809786
ANKRD11	chr16	0.2111905582357	0.77183838731909
ANKRD12	chr18	0.32249310820124	0.774638180565127
ANP32B	chr9	0.292599931082012	0.941807374224673
ANTXR2	chr4	0.515377325982081	0.568788766368022
ANXA11	chr10	0.128790489317712	0.718728463128877
ANXA6	chr5	0.080289455547898	0.932675740868367
AOX1	chr2	0.755341144038594	0.226266368022054
AP1B1	chr22	0.124655410062026	0.886285320468642
AP3D1	chr19	0.184484838042729	0.971226740179187
AP3S2	chr15	0.312586147484493	0.764429703652653
APAF1	chr12	0.320770158511371	0.848595796002757
APBB1IP	chr10	0.203394210889042	0.850232598208132
APBB2	chr4	0.386500689179876	0.560992419021365
APOBEC2	chr6	0.46407649896623	0.737120951068229
APOBEC3G	chr22	0.0384217780840799	0.817539627842867
APOL3	chr22	0.185906271536871	0.665963128876637
APP	chr21	0.479109235010338	0.600103376981392
APTX	chr9	0.190859751895245	0.810174017918677
AQR	chr15	0.350706409372846	0.886802205375603
ARHGAP10	chr4	0.357124396967609	0.678756030323915
ARHGAP12	chr10	0.333347691247416	0.569391798759476
ARHGAP15	chr2	0.366256030323915	0.620692625775327
ARHGAP17	chr16	0.23565644383184	0.943573397656788
ARHGAP18	chr6	0.391152653342522	0.760165403170227
ARHGAP21	chr10	0.337224328049621	0.546218125430737
ARHGAP24	chr4	0.715196416264645	0.376206064782908
ARHGAP26	chr5	0.483244314266023	0.523389042039972
ARHGEF12	chr11	0.427205375603032	0.642617160578911
ARHGEF7	chr13	0.515808063404549	0.797381116471399
ARID1B	chr6	0.269426257753274	0.727343211578222
ARID5A	chr2	0.0849844934527912	0.897139903514817
ARIH2	chr3	0.227601654031702	0.887276016540317
ARNTL	chr11	0.27631805651275	0.685174017918677
ARNTL2	chr12	0.289670916609235	0.716100964851826
ARSB	chr5	0.218383873190903	0.511629910406616
ASAH1	chr8	0.21657477601654	0.705203308063405
ASB16	chr17	0.0998880082701585	0.719546864231564
ASB3	chr2	0.284286698828394	0.681857339765679
ASB7	chr15	0.272355272226051	0.7789455547898
ASCC1	chr10	0.400241212956582	0.808709510682288
ASCC3	chr6	0.39696760854583	0.731521364576154
ASNS	chr7	0.399250516884907	0.698656099241902
ASPH	chr8	0.428756030323915	0.468599241902136
ASXL2	chr2	0.287431082012405	0.64683838731909
ATF6	chr1	0.341747070985527	0.752756719503791
ATF7IP	chr12	0.443917987594762	0.88012577532736
ATG10	chr5	0.298931771192281	0.484881116471399
ATG16L1	chr2	0.142014128187457	0.936767746381806
ATG7	chr3	0.210889042039972	0.661828049620951
ATP10B	chr5	0.658123707787733	0.32710199862164
ATP10D	chr4	0.313146106133701	0.739705375603032
ATP11A	chr13	0.180091316333563	0.692970365265334
ATP11B	chr3	0.381504135079256	0.875387663680221
ATP2B1	chr12	0.284631288766368	0.859235010337698
ATP5A1	chr18	0.213990351481737	0.858201240523777
ATP6V0A2	chr12	0.217177808407994	0.864705375603032
ATP6V1E1	chr22	0.404634734665748	0.967780840799449
ATP8A1	chr4	0.28329600275672	0.756374913852516
ATP8B1	chr18	0.627842866988284	0.422251895244659
ATP9B	chr18	0.31999483115093	0.6486905582357
ATRN	chr20	0.297036526533425	0.618495864920744
ATXN1	chr6	0.536914197105445	0.605961405926947
ATXN10	chr22	0.197751550654721	0.777610268780152
ATXN7	chr3	0.311509303928325	0.769383184011027
ATXN7L1	chr7	0.856176774638181	0.328824948311509
B3GNT1	chr11	0.0941161268090972	0.0482856650585803
B4GALT4	chr3	0.300956237077877	0.833304617505169
B4GALT6	chr18	0.181512749827705	0.621381805651275
BAG5	chr14	0.145244658855961	0.767143349414197
BARD1	chr2	0.340713301171606	0.885682288077188
BAZ1A	chr14	0.193616471399035	0.864274638180565
BBX	chr3	0.325206753962784	0.623837008959338
BCAP29	chr7	0.419021364576154	0.660018952446589
BCAS3	chr17	0.616083735354928	0.377885940730531
BCAT1	chr12	0.418762922122674	0.61078566505858
BCL11A	chr2	0.314825982081323	0.710716747070986
BCL2	chr18	0.20946760854583	0.70421261199173
BCMO1	chr16	0.7065816678153	0.234838042729152
BCR	chr22	0.322148518263267	0.667427636113025
BICD1	chr12	0.272570640937285	0.554875947622329
BIN3	chr8	0.289843211578222	0.749396967608546
BIVM	chr13	0.396235354927636	0.752541350792557
BLK	chr8	0.186164713990351	0.811337008959338
BLM	chr15	0.166953824948312	0.785406616126809
BLNK	chr10	0.195167126119917	0.96381805651275
BMPER	chr7	0.681598897312198	0.244960372157133
BRIP1	chr17	0.349328049620951	0.65657305306685
BRMS1L	chr14	0.342436250861475	0.739016195727085
BRWD1	chr21	0.421433494141971	0.857684355616816
BSPRY	chr9	0.659846657477602	0.42078738800827
BTAF1	chr10	0.373147829083391	0.938146106133701
BTBD7	chr14	0.349888008270159	0.737164024810475
BTBD9	chr6	0.410880427291523	0.482382839421089
BTRC	chr10	0.263309786354238	0.515549620951068
C14orf159	chr14	0.141195727084769	0.888869745003446
C18orf54	chr18	0.423199517574087	0.63473466574776
C1orf112	chr1	0.321416264645072	0.853936940041351
C1orf27	chr1	0.376464507236389	0.909502067539628
C1orf52	chr1	0.29092005513439	0.817927291523088
C3orf14	chr3	0.69499483115093	0.315988973121985
C4BPB	chr1	0.591014817367333	0.356736733287388
C6orf89	chr6	0.244572708476912	0.634217780840799
C8orf47	chr8	0.670615093039283	0.446803928325293
C9	chr5	0.693702618883529	0.325465196416265
C9orf91	chr9	0.319133356305996	0.951240523776706
CAB39	chr2	0.327360441075121	0.867806685044797
CABP1	chr12	0.763826671261199	0.261802205375603
CACNA1D	chr3	0.750215368711234	0.258571674707099
CACNB4	chr2	0.640118883528601	0.441290489317712
CADPS	chr3	0.744185044796692	0.201412818745693
CADPS2	chr7	0.679962095106823	0.332615437629221
CALN1	chr7	0.469159200551344	0.374181598897312
CALU	chr7	0.194434872501723	0.888912818745693
CAMK2D	chr4	0.415058580289456	0.681943487250172
CAMK4	chr5	0.356650585802895	0.649724328049621
CAMTA1	chr1	0.789843211578222	0.414541695382495
CAP1	chr1	0.124612336319779	0.948526878015162
CAPZB	chr1	0.151404203997243	0.849543418332185
CARD11	chr7	0.223768090971744	0.789929359062715
CARHSP1	chr16	0.0850275671950379	0.841919365954514
CARS	chr11	0.137491385251551	0.864533080634045
CASC4	chr15	0.260208476912474	0.643349414197105
CASC5	chr15	0.288120261888353	0.848940385940731
CASP2	chr7	0.139989662301861	0.917126119917298
CASP6	chr4	0.106693659545141	0.710156788421778
CASP7	chr10	0.374267746381806	0.784071330117161
CAST	chr5	0.276059614059269	0.666350792556857
CAT	chr11	0.0871381805651275	0.741256030323915
CBX3	chr7	0.214722605099931	0.907133011716058
CCDC25	chr8	0.334295313576844	0.827403514817367
CCDC28A	chr6	0.162861819434872	0.575809786354238
CCDC6	chr10	0.283985182632667	0.679574431426602
CCL28	chr5	0.446545485871813	0.462095106822881
CCND2	chr12	0.304703652653343	0.973983459682977
CCNF	chr16	0.147269124741558	0.975361819434873
CCNK	chr14	0.133485527222605	0.884303928325293
CCT3	chr1	0.284415920055134	0.975060303239145
CD200	chr3	0.431685044796692	0.831194004135079
CD302	chr2	0.416092350103377	0.598940385940731
CD33	chr19	0.911483459682977	0.435604755341144
CD4	chr12	0.711018263266713	0.099974155754652
CD44	chr11	0.415317022742936	0.708304617505169
CD53	chr1	0.27920399724328	0.933795658166782
CD80	chr3	0.119917298414886	0.879953480358374
CD83	chr6	0.383657822191592	0.898776705720193
CD84	chr1	0.280840799448656	0.603764645072364
CDC14A	chr1	0.338042729152309	0.559226395589249
CDC34	chr19	0.222820468642316	0.879910406616127
CDC42	chr1	0.135983804272915	0.844503790489318
CDC42BPA	chr1	0.79328911095796	0.184700206753963
CDCA8	chr1	0.16592005513439	0.929789800137836
CDH2	chr18	0.585199862164025	0.270029290144728
CDK5RAP2	chr9	0.306685044796692	0.867289800137836
CDK6	chr7	0.285148173673329	0.680565127498277
CDKAL1	chr6	0.32723121984838	0.55513439007581
CDYL2	chr16	0.669452101998622	0.417470709855272
CENPE	chr4	0.409889731219848	0.856650585802895
CENPJ	chr13	0.293633700895934	0.850146450723639
CGGBP1	chr3	0.364920744314266	0.741600620261888
CHCHD6	chr3	0.415144727773949	0.483588904203997
CHD2	chr15	0.208649207443143	0.973251206064783
CHD6	chr20	0.28855099931082	0.721140592694693
CHD7	chr8	0.448914541695382	0.679703652653343
CHL1	chr3	0.645675396278429	0.31999483115093
CHMP7	chr8	0.654807029634735	0.803626809097174
CHST11	chr12	0.174319434872502	0.593513094417643
CHSY1	chr15	0.259131633356306	0.687844589937974
CLASP1	chr2	0.198311509303928	0.795270503101309
CLCC1	chr1	0.357382839421089	0.885811509303928
CLCN3	chr4	0.220580634045486	0.69697622329428
CLDN1	chr3	0.849543418332185	0.325249827705031
CLEC2B	chr12	0.782089937973811	0.455461750516885
CLEC4C	chr12	0.525844245348036	0.515463473466575
CLOCK	chr4	0.370649552033081	0.767358718125431
CLYBL	chr13	0.599974155754652	0.402782563749139
CMIP	chr16	0.212741212956582	0.650973466574776
CMKLR1	chr12	0.426731564438318	0.574689869055824
CNN3	chr1	0.779893177119228	0.46131977946244
CNOT1	chr16	0.361431771192281	0.980616815988973
CNOT2	chr12	0.424620951068229	0.742031357684356
CNOT4	chr7	0.179014472777395	0.657176085458305
CNOT6	chr5	0.254092005513439	0.852730875258442
CNTN3	chr3	0.552119228118539	0.327317367332874
CNTN6	chr3	0.547725706409373	0.20696933149552
COCH	chr14	0.591359407305307	0.512879048931771
COG1	chr17	0.0795141281874569	0.881288766368022
COG2	chr1	0.388094417643005	0.862551688490696
COG5	chr7	0.368495864920744	0.567582701585114
COG6	chr13	0.480315299793246	0.560863197794624
COL13A1	chr10	0.906788421778084	0.154677808407994
COL19A1	chr6	0.351524810475534	0.60092177808408
COL22A1	chr8	0.714291867677464	0.205849414197105
COL23A1	chr5	0.664843211578222	0.225103376981392
COL27A1	chr9	0.861216402481048	0.0886026878015162
COL4A3	chr2	0.515506547208821	0.513352860096485
COL4A3BP	chr5	0.395632322536182	0.769555478980014
COMMD1	chr2	0.242806685044797	0.552506891798759
COMMD10	chr5	0.431125086147485	0.551817711922812
COMT	chr22	0.0577618883528601	0.654247070985527
COPS2	chr15	0.295313576843556	0.816678152997932
CORO1C	chr12	0.122027911784976	0.777567195037905
CORO7	chr16	0.151016540317023	0.848251206064783
CPEB3	chr10	0.539197105444521	0.539024810475534
CPEB4	chr5	0.260337698139214	0.80776188835286
CPNE4	chr3	0.722906616126809	0.306168159889731
CPNE8	chr12	0.375689179875948	0.661225017229497
CPOX	chr3	0.341962439696761	0.942281185389387
CPSF6	chr12	0.125689179875948	0.833046175051689
CREB3L2	chr7	0.279936250861475	0.85604755341144
CREG1	chr1	0.468470020675396	0.729410751206065
CRIPT	chr2	0.307675740868367	0.748061681598897
CRKL	chr22	0.313706064782908	0.911483459682977
CROT	chr7	0.223078911095796	0.645201585113715
CRY1	chr12	0.63197794624397	0.429574431426602
CSNK1E	chr22	0.251421433494142	0.903428669882839
CSNK2A1	chr20	0.263998966230186	0.893521709166092
CSNK2A2	chr16	0.313404548587181	0.94723466574776
CSRP1	chr1	0.196373190902826	0.716402481047553
CSRP2BP	chr20	0.342953135768436	0.818961061337009
CTBP1	chr4	0.0470365265334252	0.892315644383184
CTNNA1	chr5	0.292384562370779	0.652222605099931
CTNNA2	chr2	0.5960544452102	0.391238800827016
CTNNA3	chr10	0.622286354238456	0.260725361819435
CTNNAL1	chr9	0.341660923501034	0.619012749827705
CTNNBL1	chr20	0.237293246037216	0.728764645072364
CTSC	chr11	0.380082701585114	0.894555478980014
CUL1	chr7	0.143134045485872	0.785492763611303
CUL3	chr2	0.389645072363887	0.834381461061337
CUL5	chr11	0.260380771881461	0.805909717436251
CXCL10	chr4	0.850964851826327	0.13934355616816
CYBRD1	chr2	0.413249483115093	0.712870434183322
CYP20A1	chr2	0.0810647829083391	0.723466574776017
CYP7B1	chr8	0.573483804272915	0.460845968297726
DAAM1	chr14	0.460889042039972	0.583046175051689
DAPK1	chr9	0.263051343900758	0.677377670572019
DBN1	chr5	0.580892487939352	0.603850792556857
DCBLD1	chr6	0.405711578221916	0.608976567884218
DCP1A	chr3	0.175310130944176	0.831538594073053
DCUN1D2	chr13	0.174362508614748	0.780453135768436
DCUN1D3	chr16	0.374655410062026	0.601223294279807
DDHD1	chr14	0.392272570640937	0.801343900758098
DDX10	chr11	0.336965885596141	0.633184011026878
DDX11	chr12	0.049276361130255	0.755642660234321
DDX31	chr9	0.254522742935906	0.916781529979325
DEGS1	chr1	0.392746381805651	0.732555134390076
DENND1A	chr9	0.282176085458305	0.612034803583735
DENND1B	chr1	0.487465541006203	0.467005513439008
DEPDC1B	chr5	0.330246381805651	0.634691592005513
DFNA5	chr7	0.207400068917988	0.723121984838043
DGCR2	chr22	0.217866988283942	0.808881805651275
DGCR8	chr22	0.275542729152309	0.938016884906961
DGKD	chr2	0.175223983459683	0.801128532046864
DIAPH1	chr5	0.31947794624397	0.878273604410751
DICER1	chr14	0.328609579600276	0.86065644383184
DLG1	chr3	0.331409372846313	0.720839076498966
DLGAP1	chr18	0.641195727084769	0.340024121295658
DLST	chr14	0.369572708476912	0.962181254307374
DMTF1	chr7	0.302377670572019	0.959123018607857
DMXL2	chr15	0.356176774638181	0.553066850447967
DNAH3	chr16	0.717307029634735	0.207916953824948
DNAJC11	chr1	0.109924190213646	0.809570985527223
DNAJC13	chr3	0.300568573397657	0.834639903514817
DNAJC15	chr13	0.228247760165403	0.642918676774638
DNM3	chr1	0.638697450034459	0.365437629221227
DNMBP	chr10	0.129005858028946	0.892660234321158
DOCK10	chr2	0.308838731909028	0.833433838731909
DOCK2	chr5	0.247415575465196	0.891281874569263
DOCK5	chr8	0.705634045485872	0.423759476223294
DOCK8	chr9	0.446287043418332	0.88434700206754
DOCK9	chr13	0.630341144038594	0.424017918676775
DPP4	chr2	0.527481047553411	0.547251895244659
DPY19L3	chr19	0.269598552722261	0.67539627842867
DPYD	chr1	0.45907994486561	0.447536181943487
DRD3	chr3	0.897182977257064	0.305608201240524
DSC3	chr18	0.7881633356306	0.304272915230875
DSCAM	chr21	0.41118194348725	0.322837698139214
DSCR3	chr21	0.125172294968987	0.70684011026878
DSG2	chr18	0.511371467953136	0.679531357684356
DST	chr6	0.3361905582357	0.722992763611303
DTNBP1	chr6	0.21855616815989	0.599543418332185
DUSP16	chr12	0.228118538938663	0.702058924879393
DUSP22	chr6	0.199991385251551	0.697665403170227
DYM	chr18	0.386328394210889	0.587827360441075
DYRK1A	chr21	0.338516540317023	0.788981736733287
E2F8	chr11	0.350620261888353	0.886113025499655
EBF1	chr5	0.535621984838043	0.558063404548587
EEA1	chr12	0.407951412818746	0.763654376292212
EEF1G	chr11	0.385122329427981	0.966876292212267
EEFSEC	chr3	0.200852860096485	0.5914455547898
EFNA5	chr5	0.607382839421089	0.483115093039283
EFTUD2	chr17	0.124913852515507	0.939309097174363
EGF	chr4	0.872329427980703	0.36539455547898
EGFR	chr7	0.736044107512061	0.135337698139214
EHMT1	chr9	0.282046864231564	0.866385251550655
EIF2AK3	chr2	0.159028256374914	0.801559269469332
EIF2AK4	chr15	0.245477257064094	0.786655754651964
EIF2B1	chr12	0.0927808407994486	0.931512749827705
EIF4E2	chr2	0.18513094417643	0.889688146106134
EIF5B	chr2	0.144727773949001	0.808924879393522
ELAVL1	chr19	0.160406616126809	0.909846657477602
ELF2	chr4	0.561638525155066	0.603118538938663
ELMO1	chr7	0.481349069607167	0.631805651274983
ELOVL6	chr4	0.309054100620262	0.527954858718125
EML4	chr2	0.253273604410751	0.728333907649897
ENTPD5	chr14	0.193788766368022	0.71381805651275
EP400	chr12	0.09131633356306	0.851783252929014
EPB41	chr1	0.438835286009648	0.576154376292212
EPB41L2	chr6	0.34131633356306	0.554229841488629
EPHB1	chr3	0.612250172294969	0.555565127498277
EPS8	chr12	0.68250344589938	0.357684355616816
EPSTI1	chr13	0.248966230186079	0.792169193659545
ERBB2IP	chr5	0.381159545141282	0.776878015161957
ERBB4	chr2	0.662388008270159	0.199431426602343
ERCC2	chr19	0.278170227429359	0.879048931771192
ERCC8	chr5	0.256805651274983	0.630987250172295
ERICH1	chr8	0.297984148862853	0.859321157822192
ETFA	chr15	0.235613370089593	0.802808407994487
ETS1	chr11	0.419753618194349	0.658640592694693
ETV6	chr12	0.228936940041351	0.854324603721571
EVC	chr4	0.510682288077188	0.673587181254307
EVC2	chr4	0.556469676085458	0.55302377670572
EVI5	chr1	0.520201585113715	0.474284975878704
EXO1	chr1	0.227730875258442	0.764042039972433
EXOSC7	chr3	0.361647139903515	0.89632150241213
EXT1	chr8	0.508528600964852	0.459984493452791
EXT2	chr11	0.222992763611303	0.579514128187457
EZH2	chr7	0.209898345968298	0.73815472088215
FADS1	chr11	0.299104066161268	0.792212267401792
FADS2	chr11	0.22079600275672	0.832313921433494
FAF1	chr1	0.337956581667815	0.616988283942109
FAH	chr15	0.205289455547898	0.675051688490696
FAIM	chr3	0.513568228807719	0.518823225361819
FAM19A2	chr12	0.63960199862164	0.256417987594762
FAM49A	chr2	0.855013783597519	0.316678152997932
FAM69A	chr1	0.262448311509304	0.625603032391454
FAM78B	chr1	0.60367849758787	0.363930048242591
FARP2	chr2	0.200077532736044	0.695684011026878
FARS2	chr6	0.336664369400413	0.532606822880772
FAS	chr10	0.0943314955203308	0.779333218470021
FBN2	chr5	0.668332184700207	0.310733976567884
FBXL17	chr5	0.416566161268091	0.477989317711923
FBXL4	chr6	0.277437973811165	0.616902136457615
FBXL5	chr4	0.229583046175052	0.756504135079256
FBXO11	chr2	0.279591660923501	0.835759820813232
FBXO38	chr5	0.179057546519642	0.878101309441764
FBXO42	chr1	0.138697450034459	0.755814955203308
FBXO7	chr22	0.130039627842867	0.891540317022743
FBXW4	chr10	0.153600964851826	0.746424879393522
FER	chr5	0.412215713301172	0.544882839421089
FGFR2	chr10	0.707486216402481	0.152394900068918
FHIT	chr3	0.587568917987595	0.405711578221916
FHL2	chr2	0.877282908339077	0.438706064782908
FKBP5	chr6	0.457098552722261	0.637319090282564
FLI1	chr11	0.429272915230875	0.741557546519642
FLNB	chr3	0.445037904893177	0.626550654720882
FMNL2	chr2	0.535880427291523	0.475275671950379
FNDC3B	chr3	0.32434527911785	0.768177119228118
FRK	chr6	0.435432460372157	0.57421605789111
FUT8	chr14	0.338559614059269	0.69499483115093
FXR1	chr3	0.431211233631978	0.940213645761544
FYB	chr5	0.65381633356306	0.436724672639559
FZD6	chr8	0.437586147484493	0.569822536181943
GABPA	chr21	0.357641281874569	0.800051688490696
GABPB2	chr1	0.089894900068918	0.541436940041351
GAL3ST1	chr22	0.652308752584425	0.163077188146106
GALK2	chr15	0.368926602343212	0.60854583046175
GALNT10	chr5	0.262276016540317	0.678626809097174
GALNT2	chr1	0.249483115093039	0.61039800137836
GALNT6	chr12	0.169882839421089	0.705547898001378
GALNT7	chr4	0.300913163335631	0.625904548587181
GAPDHS	chr19	0.518220192970365	0.582184700206754
GARNL3	chr9	0.483761199172984	0.568271881461061
GARS	chr7	0.228333907649897	0.934054100620262
GAS2	chr11	0.605013783597519	0.470236044107512
GAS2L3	chr12	0.551085458304618	0.461965885596141
GAS6	chr13	0.718642315644383	0.438059958649207
GBE1	chr3	0.325379048931771	0.615049965541006
GDI2	chr10	0.22092522398346	0.939567539627843
GFOD1	chr6	0.26236216402481	0.677722260509993
GFPT1	chr2	0.143995520330806	0.921218125430737
GHR	chr5	0.688533769813921	0.304832873880083
GKAP1	chr9	0.299922467263956	0.524379738111647
GMDS	chr6	0.3986905582357	0.502282908339077
GNA12	chr7	0.213258097863542	0.566204341833218
GNB1L	chr22	0.289929359062715	0.532089937973811
GNE	chr9	0.191764300482426	0.781271536871123
GNG2	chr14	0.334855272226051	0.631202618883529
GNPTAB	chr12	0.188749138525155	0.703824948311509
GNS	chr12	0.194133356305996	0.717522398345968
GOLPH3L	chr1	0.188835286009649	0.740222260509993
GOT2	chr16	0.114963818056513	0.860182632667126
GPC5	chr13	0.534588215024121	0.337655065472088
GPR125	chr4	0.543892143349414	0.397139903514817
GPR158	chr10	0.602170916609235	0.27631805651275
GRAP2	chr22	0.454514128187457	0.753359751895245
GRB2	chr17	0.202058924879394	0.80052549965541
GRIA1	chr5	0.749009303928325	0.21855616815989
GRM8	chr7	0.609622674017919	0.356435217091661
GTF2A1	chr14	0.339679531357684	0.865696071674707
GTF2E1	chr3	0.161268090971744	0.686810820124052
GTF2H3	chr12	0.212870434183322	0.833261543762922
GUCY1B3	chr4	0.737077877325982	0.316032046864232
GYPC	chr2	0.16105272226051	0.713301171605789
HACE1	chr6	0.312887663680221	0.572062370778773
HBP1	chr7	0.352084769124742	0.734105789110958
HDAC4	chr2	0.621984838042729	0.435518607856651
HECTD1	chr14	0.283037560303239	0.930048242591316
HELB	chr12	0.210630599586492	0.776533425223983
HERC3	chr4	0.475577188146106	0.517531013094418
HIPK2	chr7	0.379651964162646	0.652481047553411
HIRA	chr22	0.207830806340455	0.902954858718125
HIVEP3	chr1	0.486259476223294	0.487508614748449
HMGB1	chr13	0.486431771192281	0.86289627842867
HMGCR	chr5	0.407305306685045	0.976223294279807
HNF4G	chr8	0.522829083390765	0.356909028256375
HS3ST1	chr4	0.541867677463818	0.462611991729841
HSD17B12	chr11	0.327705031013094	0.710673673328739
HSD17B4	chr5	0.34342694693315	0.707572363886975
HSPBAP1	chr3	0.181900413507926	0.573096140592695
HSPH1	chr13	0.215497932460372	0.926171605789111
IARS	chr9	0.222389731219848	0.96394727773949
IBTK	chr6	0.374784631288766	0.894813921433494
IDE	chr10	0.302420744314266	0.816333563059959
IDH3A	chr15	0.261371467953136	0.911440385940731
IFI44L	chr1	0.246812543073742	0.888395933838732
IFNAR2	chr21	0.111819434872502	0.880987250172295
IGF2R	chr6	0.222045141281875	0.877756719503791
IGHMBP2	chr11	0.163637146795314	0.798974844934528
IL10RB	chr21	0.166996898690558	0.791523087525844
IL17RB	chr3	0.564179875947622	0.696803928325293
IL1A	chr2	0.464248793935217	0.482856650585803
IL1RL1	chr2	0.888094417643005	0.178971399035148
IL6	chr7	0.944908683666437	0.16854755341144
ILK	chr11	0.437327705031013	0.894986216402481
IMPA2	chr18	0.558235699517574	0.556211233631978
INPP1	chr2	0.450982081323225	0.558106478290834
INSR	chr19	0.145115437629221	0.672984148862853
INVS	chr9	0.319348725017229	0.640549620951068
IPO11	chr5	0.346226740179187	0.681900413507926
IPO8	chr12	0.278256374913853	0.758873190902826
IQCB1	chr3	0.263395933838732	0.888611302549966
IQGAP1	chr15	0.177420744314266	0.852860096485183
IQGAP2	chr5	0.410535837353549	0.583304617505169
IREB2	chr15	0.223208132322536	0.899810475534114
ITCH	chr20	0.240049965541006	0.8171088904204
ITGA11	chr15	0.835199862164025	0.192281185389387
ITGA4	chr2	0.400887319090283	0.934484838042729
ITGB3BP	chr1	0.367332873880083	0.61802205375603
ITIH5	chr10	0.821459338387319	0.255728807718815
ITPK1	chr14	0.173931771192281	0.611216402481048
ITPKB	chr1	0.241729841488629	0.725447966919366
ITPR1	chr3	0.34868194348725	0.682804962095107
ITPR3	chr6	0.147829083390765	0.828092694693315
JAG1	chr20	0.59407305306685	0.659717436250861
JAK2	chr9	0.325292901447278	0.761414541695382
JARID2	chr6	0.255384217780841	0.66092350103377
JDP2	chr14	0.31473983459683	0.898905926946933
KATNAL1	chr13	0.433149552033081	0.585716747070986
KCNAB1	chr3	0.834812198483804	0.296735010337698
KCNC3	chr19	0.84829427980703	0.457960027567195
KCND3	chr1	0.918849069607168	0.170270503101309
KCNIP4	chr4	0.525973466574776	0.330720192970365
KCNK1	chr1	0.458003101309442	0.589937973811165
KCNN3	chr1	0.308149552033081	0.687198483804273
KCNQ3	chr8	0.77855789110958	0.22144210889042
KCNQ5	chr6	0.438361474844935	0.539154031702274
KCTD1	chr18	0.62237250172295	0.451542039972433
KCTD10	chr12	0.0749913852515506	0.828351137146795
KCTD14	chr11	0.599672639558925	0.365179186767746
KDELR2	chr7	0.0958390764989662	0.910665058580289
KIAA0232	chr4	0.186078566505858	0.703652653342522
KIAA0247	chr14	0.270804617505169	0.764989662301861
KIAA0391	chr14	0.360182632667126	0.678454514128187
KIAA1033	chr12	0.322794624396968	0.912215713301172
KIAA1407	chr3	0.520847691247416	0.503532046864232
KIAA1429	chr8	0.157391454169538	0.885251550654721
KIAA1432	chr9	0.563490696071675	0.838085802894555
KIAA1524	chr3	0.401404203997243	0.822406960716747
KIAA1841	chr2	0.43026361130255	0.589033425223983
KIAA2026	chr9	0.313189179875948	0.635036181943487
KIDINS220	chr2	0.307158855961406	0.692884217780841
KIF11	chr10	0.21618711233632	0.887017574086837
KIF13B	chr8	0.244098897312198	0.695080978635424
KIF17	chr1	0.789326326671261	0.160234321157822
KIF1B	chr1	0.360441075120606	0.60329083390765
KIF5B	chr10	0.35367849758787	0.957141626464507
KLF12	chr13	0.47131288766368	0.532305306685045
KLF13	chr15	0.151834941419711	0.745735699517574
KLHL20	chr1	0.352386285320469	0.796433494141971
KLHL3	chr5	0.30052549965541	0.640420399724328
KPNA1	chr3	0.281659200551344	0.769512405237767
KPNA3	chr13	0.373793935217092	0.713042729152309
KRAS	chr12	0.210286009648518	0.701197450034459
KRIT1	chr7	0.345365265334252	0.906702274293591
KTN1	chr14	0.286569607167471	0.814782908339077
L3MBTL4	chr18	0.590497932460372	0.465110268780152
LACTB	chr15	0.312112336319779	0.666006202618884
LAIR2	chr19	0.913981736733287	0.393564782908339
LANCL2	chr7	0.319908683666437	0.655108545830462
LAPTM4B	chr8	0.798845623707788	0.214937973811165
LATS2	chr13	0.41079427980703	0.53842177808408
LCP1	chr13	0.171648862853205	0.956064782908339
LEF1	chr4	0.713990351481737	0.429315988973122
LEO1	chr15	0.334682977257064	0.948742246726396
LEPREL1	chr3	0.770287732598208	0.478764645072364
LIG1	chr19	0.287818745692626	0.890937284631289
LIMD1	chr3	0.29841488628532	0.899035148173673
LIPA	chr10	0.12237250172295	0.609105789110958
LIPC	chr15	0.524681254307374	0.344159200551344
LMBR1	chr7	0.381288766368022	0.653299448656099
LMCD1	chr3	0.627756719503791	0.504135079255686
LMO2	chr11	0.846226740179187	0.446200895933839
LMO3	chr12	0.649121295658167	0.333649207443143
LMO7	chr13	0.310303239145417	0.574172984148863
LOC81691	chr16	0.145373880082702	0.66604927636113
LOX	chr5	0.752842866988284	0.443487250172295
LPGAT1	chr1	0.231865954514128	0.770373880082702
LPHN2	chr1	0.748621640248105	0.176257753273604
LPIN1	chr2	0.703437284631289	0.607339765678842
LPXN	chr11	0.300353204686423	0.906917643004824
LRBA	chr4	0.339722605099931	0.621597174362509
LRCH1	chr13	0.220020675396278	0.711664369400414
LRIG3	chr12	0.572923845623708	0.597949689869056
LRRC18	chr10	0.0377325982081323	0.833692281185389
LRRFIP1	chr2	0.620046519641626	0.686078566505858
LRRFIP2	chr3	0.352730875258442	0.688318401102688
LTA4H	chr12	0.354970709855272	0.621295658166782
LTBP4	chr19	0.654376292212267	0.43961061337009
LUC7L2	chr7	0.247717091660924	0.858675051688491
LY75	chr2	0.362250172294969	0.884519297036527
LY86	chr6	0.107512060647829	0.659458993797381
LYN	chr8	0.126119917298415	0.857770503101309
LYPLAL1	chr1	0.375043073742247	0.654591660923501
MAGI2	chr7	0.673587181254307	0.245951068228808
MALT1	chr18	0.311552377670572	0.94499483115093
MAN1A1	chr6	0.35079255685734	0.58894727773949
MANBA	chr4	0.310475534114404	0.718168504479669
MANEA	chr6	0.347174362508615	0.617160578911096
MAP2K5	chr15	0.292858373535493	0.595020675396278
MAP3K1	chr5	0.483373535492764	0.631719503790489
MAP3K5	chr6	0.207313921433494	0.877713645761544
MAP3K7	chr6	0.288766368022054	0.762749827705031
MAP3K9	chr14	0.129910406616127	0.649164369400414
MAP4	chr3	0.148130599586492	0.717694693314955
MAPKAP1	chr9	0.207012405237767	0.695339421088904
MAPRE1	chr20	0.159458993797381	0.93999827705031
MBD2	chr18	0.200292901447278	0.876206064782908
MBNL2	chr13	0.28157305306685	0.575465196416265
MBP	chr18	0.275758097863542	0.739102343211578
MBTPS1	chr16	0.183838731909028	0.88210716747071
MCC	chr5	0.830504824259132	0.277050310130944
MCM3AP	chr21	0.128747415575465	0.959295313576844
MCOLN2	chr1	0.18724155754652	0.877412129565817
MCPH1	chr8	0.327145072363887	0.710372157133012
MCTP1	chr5	0.619960372157133	0.516755685733977
MDM1	chr12	0.158166781529979	0.678583735354928
MDN1	chr6	0.176946933149552	0.924362508614748
ME1	chr6	0.528988628532047	0.565213645761544
MEF2A	chr15	0.408166781529979	0.760423845623708
MEF2B	chr19	0.0376033769813921	0.598725017229497
METAP1	chr4	0.246209510682288	0.666264645072364
MFN2	chr1	0.162603376981392	0.949560647829083
MGAT5	chr2	0.246080289455548	0.860010337698139
MGLL	chr3	0.126206064782908	0.757150241212957
MIB1	chr18	0.253402825637491	0.694176430048243
MIER1	chr1	0.228850792556857	0.840928669882839
MIPEP	chr13	0.192410406616127	0.590713301171606
MKNK1	chr1	0.218771536871123	0.799405582356995
MKRN2	chr3	0.140937284631289	0.772484493452791
MLH1	chr3	0.237853204686423	0.940558235699518
MMP16	chr8	0.538981736733287	0.274293590627154
MOCOS	chr18	0.694779462439697	0.324302205375603
MON1B	chr16	0.102429359062715	0.907994486560992
MPP6	chr7	0.356262922122674	0.591919365954514
MPZL1	chr1	0.305565127498277	0.719977601654032
MRPL18	chr6	0.0755944176430048	0.855832184700207
MRPL19	chr2	0.390721915920055	0.923630254996554
MRPL21	chr11	0.0412646450723639	0.871683321847002
MRPL37	chr1	0.0484148862853205	0.851266368022054
MRPL4	chr19	0.490739145416954	0.928885251550655
MRPL40	chr22	0.444262577532736	0.685217091660923
MRPL47	chr3	0.135251550654721	0.90657305306685
MRPS27	chr5	0.222734321157822	0.803756030323915
MRPS31	chr13	0.211750516884907	0.742849758787043
MS4A1	chr11	0.313662991040662	0.91803066850448
MSI2	chr17	0.191721226740179	0.707270847691247
MTA3	chr2	0.385380771881461	0.64434011026878
MTAP	chr9	0.375947622329428	0.816118194348725
MTERFD2	chr2	0.154548587181254	0.939825982081323
MTHFD1L	chr6	0.265291178497588	0.753575120606478
MTMR10	chr15	0.192970365265334	0.79066161268091
MTMR2	chr11	0.329815644383184	0.6585544452102
MTMR3	chr22	0.184614059269469	0.602515506547209
MTMR9	chr8	0.410363542384562	0.854066161268091
MTPN	chr7	0.266044968986906	0.766174190213646
MTR	chr1	0.334381461061337	0.899422811853894
MUSTN1	chr3	0.0265764989662302	0.518780151619573
MVK	chr12	0.302593039283253	0.89683838731909
MYB	chr6	0.299534803583735	0.880298070296347
MYBL2	chr20	0.0518177119228119	0.767186423156444
MYH9	chr22	0.140721915920055	0.939266023432116
MYO1D	chr17	0.497674017918677	0.523518263266713
MYO1E	chr15	0.286957270847691	0.851869400413508
MYO6	chr6	0.468513094417643	0.499009303928325
N4BP2	chr4	0.175094762232943	0.609708821502412
NAALADL2	chr3	0.6006633356306	0.351567884217781
NARF	chr17	0.241126809097174	0.976610957960028
NAV2	chr11	0.802851481736733	0.31237077877326
NBEA	chr13	0.600706409372846	0.362551688490696
NCBP2	chr3	0.0849414197105444	0.856779807029635
NCOA6	chr20	0.241514472777395	0.747329427980703
NCOA7	chr6	0.330031013094418	0.716230186078566
NDUFA10	chr2	0.243711233631978	0.902524121295658
NDUFS4	chr5	0.319434872501723	0.616428325292901
NEDD9	chr6	0.273862853204686	0.761285320468642
NEK1	chr4	0.373966230186079	0.645244658855961
NEK6	chr9	0.105315299793246	0.926990006891799
NELL1	chr11	0.615997587870434	0.280496209510682
NETO1	chr18	0.62013266712612	0.336750516884907
NF1	chr17	0.316333563059959	0.725491040661613
NF2	chr22	0.212095106822881	0.742203652653343
NFAT5	chr16	0.218642315644383	0.84407305306685
NIN	chr14	0.314481392143349	0.953437284631289
NINJ2	chr12	0.451154376292212	0.499483115093039
NIPA1	chr15	0.348165058580289	0.809312543073742
NKIRAS2	chr17	0.151059614059269	0.632451757408684
NLK	chr17	0.310777050310131	0.600060303239145
NLN	chr5	0.268134045485872	0.587353549276361
NMD3	chr3	0.25499655410062	0.895115437629221
NMI	chr2	0.212396623018608	0.854712267401792
NMT1	chr17	0.0714162646450724	0.942841144038594
NOL10	chr2	0.286914197105445	0.851007925568573
NOL4	chr18	0.638094417643005	0.295615093039283
NOL6	chr9	0.176128532046864	0.952403514817367
NOL7	chr6	0.0735699517574087	0.893780151619573
NOM1	chr7	0.154763955892488	0.922208821502412
NPC1	chr18	0.109794968986906	0.885337698139214
NPTXR	chr22	0.921562715368711	0.107339765678842
NR1H2	chr19	0.290403170227429	0.965928669882839
NR1I2	chr3	0.580074086836664	0.219633011716058
NR2C1	chr12	0.251206064782908	0.844374569262577
NRF1	chr7	0.158597518952447	0.682417298414886
NRG2	chr5	0.527050310130944	0.524724328049621
NRG3	chr10	0.567970365265334	0.253359751895245
NRP2	chr2	0.821631633356306	0.38473466574776
NRXN1	chr2	0.641023432115782	0.236216402481048
NSUN6	chr10	0.458175396278429	0.689136802205376
NUBPL	chr14	0.402782563749139	0.529591660923501
NUCB2	chr11	0.417126119917298	0.63710372157133
NUDCD1	chr8	0.404419365954514	0.718039283252929
NUDCD3	chr7	0.160492763611303	0.757064093728463
NUMB	chr14	0.314309097174363	0.646795313576844
NUP133	chr1	0.206883184011027	0.8559183321847
NUP153	chr6	0.210199862164025	0.921088904203997
NUP210	chr3	0.156702274293591	0.957184700206754
NUP93	chr16	0.104023087525844	0.667039972432805
NUPL1	chr13	0.352127842866988	0.920959682977257
OAS1	chr12	0.348854238456237	0.970063749138525
OAS2	chr12	0.37736905582357	0.977817022742936
OAS3	chr12	0.193056512749828	0.76460199862164
OBFC1	chr10	0.208347691247416	0.755384217780841
OCA2	chr15	0.49289283252929	0.306340454858718
OGDH	chr7	0.188921433494142	0.782176085458305
OPN1SW	chr7	0.0710286009648518	0.694951757408684
OSBPL3	chr7	0.221097518952447	0.652136457615438
OSBPL6	chr2	0.83433838731909	0.236862508614748
OTUB2	chr14	0.581064782908339	0.568099586492074
OXR1	chr8	0.712525844245348	0.487422467263956
P2RX1	chr17	0.54354755341144	0.410665058580289
P2RX5	chr17	0.470752929014473	0.628359751895245
PACSIN2	chr22	0.119228118538939	0.719417643004824
PAK2	chr3	0.21394727773949	0.847949689869056
PAN3	chr13	0.357512060647829	0.766238800827016
PANK1	chr10	0.228980013783598	0.622114059269469
PANX1	chr11	0.232813576843556	0.614231564438318
PAPOLA	chr14	0.386586836664369	0.850361819434873
PARD3	chr10	0.67052894555479	0.303540661612681
PARD6G	chr18	0.832313921433494	0.380901102687802
PARVB	chr22	0.207960027567195	0.843383873190903
PAX5	chr9	0.193961061337009	0.911741902136458
PBK	chr8	0.105444521019986	0.693659545141282
PCBD2	chr5	0.00478118538938663	0.0457873880082702
PCBP2	chr12	0.247157133011716	0.985699517574087
PCCA	chr13	0.406357684355617	0.530970020675396
PCGF2	chr17	0.55565127498277	0.570597863542385
PCM1	chr8	0.35553066850448	0.959726050999311
PCNXL2	chr1	0.378144383184011	0.524164369400414
PCSK1	chr5	0.861647139903515	0.234148862853205
PDCD11	chr10	0.192711922811854	0.967307029634735
PDCD1LG2	chr9	0.302980702963473	0.575594417643005
PDCD6IP	chr3	0.453868022053756	0.872415575465196
PDE3B	chr11	0.681986560992419	0.311337008959338
PDE7B	chr6	0.77183838731909	0.164972432804962
PDE8A	chr15	0.282563749138525	0.643177119228118
PDE9A	chr21	0.810518607856651	0.0940299793246037
PDHX	chr11	0.38908511371468	0.650930392832529
PDIA5	chr3	0.0845537560303239	0.778299448656099
PDIA6	chr2	0.712913507925569	0.742677463818057
PDLIM1	chr10	0.136242246726396	0.935647829083391
PDXK	chr21	0.158382150241213	0.828006547208821
PELI2	chr14	0.821545485871813	0.163206409372846
PERP	chr6	0.950637491385252	0.308063404548587
PEX14	chr1	0.17565472088215	0.624095451412819
PFDN4	chr20	0.0678411440385941	0.638482081323225
PFKP	chr10	0.0994572708476913	0.965842522398346
PGGT1B	chr5	0.451068228807719	0.789972432804962
PGM1	chr1	0.12762749827705	0.753747415575465
PGM3	chr6	0.382279462439697	0.931986560992419
PHACTR2	chr6	0.666480013783598	0.454427980702963
PHF14	chr7	0.381590282563749	0.656142315644383
PHF2	chr9	0.409674362508615	0.606952101998622
PHF20	chr20	0.186767746381806	0.791480013783598
PHF20L1	chr8	0.49065299793246	0.801257753273604
PHF21A	chr11	0.332744658855961	0.666523087525844
PHTF2	chr7	0.311466230186079	0.625818401102688
PIAS1	chr15	0.37512922122674	0.824431426602343
PICALM	chr11	0.396752239834597	0.868452791178498
PIGK	chr1	0.363413163335631	0.52170916609235
PIGN	chr18	0.409458993797381	0.601783252929014
PIGQ	chr16	0.180651274982771	0.611388697450034
PIK3AP1	chr10	0.286268090971744	0.864834596829773
PIK3CB	chr3	0.201886629910407	0.660363542384562
PIK3R1	chr5	0.168676774638181	0.703437284631289
PILRB	chr7	0.112250172294969	0.830246381805651
PINX1	chr8	0.234407305306685	0.744658855961406
PIP5K1B	chr9	0.467737767057202	0.589421088904204
PITPNB	chr22	0.166092350103377	0.909674362508615
PITPNC1	chr17	0.436035492763611	0.617332873880083
PITRM1	chr10	0.120821847002068	0.9138094417643
PKD2	chr4	0.231736733287388	0.709166092350103
PKP1	chr1	0.959123018607857	0.166867677463818
PKP4	chr2	0.270890764989662	0.540015506547209
PLAGL1	chr6	0.527351826326671	0.509002412129566
PLCB1	chr20	0.709252239834597	0.233459682977257
PLCE1	chr10	0.789929359062715	0.347088215024121
PLCG2	chr16	0.165876981392143	0.948182288077188
PLCL2	chr3	0.301300827015851	0.644167815299793
PLD1	chr3	0.783468297725706	0.48526878015162
PLD3	chr19	0.0503101309441764	0.565859751895245
PLEK	chr2	0.199129910406616	0.929832873880083
PLEKHA2	chr8	0.167643004824259	0.907736044107512
PLOD2	chr3	0.63723294279807	0.152481047553411
PLSCR1	chr3	0.439481392143349	0.784674362508615
PLXNC1	chr12	0.161397312198484	0.813533769813921
PNOC	chr8	0.0916609235010338	0.57921261199173
POLE	chr12	0.376981392143349	0.960329083390765
POLE4	chr2	0.286871123363198	0.630944176430048
POLI	chr18	0.378445899379738	0.624612336319779
POLR1B	chr2	0.150715024121296	0.913206409372846
POT1	chr7	0.42276878015162	0.694822536181943
POU2F3	chr11	0.899164369400414	0.271795313576844
PPA1	chr10	0.218082356995176	0.907176085458305
PPA2	chr4	0.333692281185389	0.753402825637491
PPARGC1B	chr5	0.113068573397657	0.688361474844934
PPAT	chr4	0.460199862164025	0.727429359062715
PPFIBP2	chr11	0.224069607167471	0.822708476912474
PPIG	chr2	0.442841144038594	0.914929359062715
PPM1B	chr2	0.267272570640937	0.727860096485183
PPP1R16B	chr20	0.103893866299104	0.859708821502412
PPP2R2A	chr8	0.322622329427981	0.800310130944176
PPP2R5C	chr14	0.384433149552033	0.67091660923501
PPP3CA	chr4	0.523345968297726	0.470365265334252
PPP4R1	chr18	0.340196416264645	0.726654031702274
PPT1	chr1	0.06013094417643	0.744400413507926
PRDM2	chr1	0.151102687801516	0.732770503101309
PREP	chr6	0.325852860096485	0.743065127498277
PREPL	chr2	0.166867677463818	0.720709855272226
PREX1	chr20	0.143306340454859	0.853506202618884
PRKAA1	chr5	0.233115093039283	0.690084424534804
PRKAR1A	chr17	0.45882150241213	0.617677463818057
PRKAR2A	chr3	0.11526533425224	0.606650585802895
PRKCA	chr17	0.770890764989662	0.333563059958649
PRKCH	chr14	0.289326326671261	0.680780496209511
PRKD1	chr14	0.589291867677464	0.30737422467264
PRPF18	chr10	0.337008959338387	0.756633356305996
PRPF4	chr9	0.116126809097174	0.91854755341144
PRPSAP2	chr17	0.121898690558236	0.891626464507236
PSAP	chr10	0.381116471399035	0.898044452101999
PSMC1	chr14	0.118969676085458	0.933020330806341
PSMD1	chr2	0.201800482425913	0.798802549965541
PSMD11	chr17	0.232210544452102	0.964421088904204
PSMD13	chr11	0.306038938662991	0.937672294968987
PSMD14	chr2	0.414584769124742	0.782606822880772
PSMD5	chr9	0.466100964851826	0.831753962784287
PSMD9	chr12	0.107038249483115	0.802248449345279
PSME4	chr2	0.178971399035148	0.86526533425224
PTBP2	chr1	0.281400758097864	0.767703308063405
PTDSS1	chr8	0.136629910406616	0.875646106133701
PTGFRN	chr1	0.888266712611992	0.276878015161957
PTK2	chr8	0.782563749138525	0.444348725017229
PTK2B	chr8	0.16092350103377	0.905970020675396
PTPN9	chr15	0.0991557546519642	0.709381461061337
PTPRA	chr20	0.220063749138525	0.731133700895934
PTPRC	chr1	0.431641971054445	0.762835975189525
PTPRS	chr19	0.677506891798759	0.338430392832529
PUM2	chr2	0.316850447966919	0.927205375603032
QDPR	chr4	0.369745003445899	0.711750516884907
RAB14	chr9	0.374913852515507	0.839119572708477
RAB20	chr13	0.521019986216402	0.543892143349414
RAB27A	chr15	0.460845968297726	0.564481392143349
RAB28	chr4	0.375172294968987	0.57210544452102
RAB30	chr11	0.319047208821502	0.607167470709855
RAB31	chr18	0.615006891798759	0.494314266023432
RAB35	chr12	0.0777481047553411	0.905194693314955
RAB36	chr22	0.521881461061337	0.395632322536182
RABGAP1L	chr1	0.423371812543074	0.666221571330117
RABL3	chr3	0.212052033080634	0.629781185389387
RAD18	chr3	0.214894900068918	0.712655065472088
RAD23B	chr9	0.336879738111647	0.918719848380427
RAD54B	chr8	0.242462095106823	0.740825292901447
RAD9A	chr11	0.0945468642315644	0.813189179875948
RAF1	chr3	0.128230530668504	0.759002412129566
RALBP1	chr18	0.246554100620262	0.69973294279807
RALGPS1	chr9	0.497717091660923	0.43538938662991
RALGPS2	chr1	0.624526188835286	0.482727429359063
RALY	chr20	0.244400413507926	0.773259820813232
RAP1A	chr1	0.2256633356306	0.815515161957271
RAP2A	chr13	0.290704686423156	0.639171261199173
RAP2B	chr3	0.419710544452102	0.594589937973811
RAPGEF1	chr9	0.142315644383184	0.818271881461061
RAPGEF6	chr5	0.325594417643005	0.817841144038594
RASSF2	chr20	0.137017574086837	0.783899035148174
RASSF3	chr12	0.148345968297726	0.702015851137147
RB1	chr13	0.429660578911096	0.630427291523088
RBBP6	chr16	0.261156099241902	0.93538938662991
RBL2	chr16	0.165360096485183	0.830590971743625
RBM25	chr14	0.15881288766368	0.95434183321847
RBMS3	chr3	0.62723983459683	0.390118883528601
RCL1	chr9	0.29315988973122	0.771019986216402
REPS1	chr6	0.324129910406616	0.692195037904893
RERE	chr1	0.280323914541695	0.622329427980703
REXO1	chr19	0.113800827015851	0.837482770503101
RFFL	chr17	0.202575809786354	0.687026188835286
RFT1	chr3	0.164584769124742	0.895589248793935
RGL1	chr1	0.374095451412819	0.643866299104066
RGS6	chr14	0.654031702274294	0.438447622329428
RHOH	chr4	0.131116471399035	0.796648862853205
RHOT1	chr17	0.357425913163336	0.682675740868367
RIC3	chr11	0.54604583046175	0.532133011716058
RIC8B	chr12	0.330806340454859	0.709295313576844
RIF1	chr2	0.209855272226051	0.947450034458994
RIN3	chr14	0.551946933149552	0.528170227429359
RIOK2	chr5	0.261414541695382	0.885122329427981
RNASET2	chr6	0.074302205375603	0.8940816678153
RND3	chr2	0.878230530668504	0.199646795313577
RNF103	chr2	0.259777739490007	0.726438662991041
RNF122	chr8	0.0718900758097864	0.707916953824948
RNF4	chr4	0.204298759476223	0.955031013094418
RNGTT	chr6	0.394038594073053	0.669193659545141
ROBO1	chr3	0.561595451412819	0.343297725706409
ROBO2	chr3	0.536225017229497	0.245821847002068
ROCK2	chr2	0.386931426602343	0.635854583046175
RORA	chr15	0.745434183321847	0.452532736044107
RPA2	chr1	0.0688749138525155	0.888266712611992
RPA3	chr7	0.375990696071675	0.542815299793246
RPH3A	chr12	0.907692970365265	0.219159200551344
RPL13	chr16	0.358330461750517	0.904031702274294
RPL26	chr17	0.368538938662991	0.924879393521709
RPL5	chr1	0.0819693314955203	0.905022398345968
RPN1	chr3	0.0677549965541006	0.93237422467264
RPS9	chr19	0.0379910406616127	0.827317367332874
RREB1	chr6	0.200422122674018	0.858373535492764
RSBN1L	chr7	0.122717091660923	0.689696760854583
RSRC1	chr3	0.390032736044107	0.555780496209511
RSU1	chr10	0.296993452791179	0.584726050999311
RTN4	chr2	0.259519297036527	0.616557546519642
RTTN	chr18	0.29565816678153	0.759045485871813
RUNX1	chr21	0.734708821502412	0.522829083390765
RWDD1	chr6	0.222906616126809	0.795055134390076
RYK	chr3	0.412517229496899	0.584639903514817
SAE1	chr19	0.0580634045485872	0.897398345968298
SAMD12	chr8	0.477515506547209	0.577834252239835
SAMD8	chr10	0.219977601654032	0.74302205375603
SAMSN1	chr21	0.432115782219159	0.675094762232943
SAP130	chr2	0.166436940041351	0.880427291523088
SASH1	chr6	0.850706409372846	0.321071674707099
SCARB1	chr12	0.0676257753273604	0.773733631977946
SCFD2	chr4	0.368754307374225	0.574776016540317
SCMH1	chr1	0.385294624396968	0.714507236388697
SCTR	chr2	0.768047898001378	0.126852170916609
SCYL3	chr1	0.447450034458994	0.942195037904893
SDAD1	chr4	0.138266712611992	0.90868366643694
SEC24D	chr4	0.202015851137147	0.902308752584425
SEC61A1	chr3	0.235096485182633	0.969288421778084
SELL	chr1	0.350318745692626	0.578221915920055
SEMA4D	chr9	0.175697794624397	0.85354927636113
SEMA6A	chr5	0.575939007580979	0.499440041350793
SENP3	chr17	0.279160923501034	0.894943142660234
SENP5	chr3	0.452705031013094	0.568702618883529
SENP6	chr6	0.343340799448656	0.841100964851826
SERP1	chr3	0.0172725706409373	0.581150930392832
SERPINB6	chr6	0.950422122674018	0.130168849069607
SERPINB9	chr6	0.662818745692626	0.58446760854583
SESN3	chr11	0.884648518263267	0.388912818745693
SETBP1	chr18	0.606004479669194	0.545485871812543
SETDB1	chr1	0.190730530668504	0.928109924190214
SF3B3	chr16	0.141755685733977	0.972863542384562
SFMBT1	chr3	0.184657133011716	0.592005513439008
SGOL2	chr2	0.245821847002068	0.668849069607168
SGPP2	chr2	0.340110268780152	0.680909717436251
SHCBP1	chr16	0.266798759476223	0.904979324603722
SHMT1	chr17	0.077145072363887	0.815170572019297
SIDT1	chr3	0.270546175051688	0.898432115782219
SIGLEC5	chr19	0.737723983459683	0.519986216402481
SIL1	chr5	0.227817022742936	0.636457615437629
SIN3A	chr15	0.123923156443832	0.886888352860096
SIPA1L1	chr14	0.227903170227429	0.764645072363887
SLAMF1	chr1	0.204901791867677	0.899508959338387
SLAMF6	chr1	0.173759476223294	0.812155410062026
SLC12A6	chr15	0.251938318401103	0.832012405237767
SLC15A4	chr12	0.134691592005513	0.904634734665748
SLC16A7	chr12	0.425999310820124	0.568745692625775
SLC19A2	chr1	0.450508270158511	0.582012405237767
SLC1A4	chr2	0.374698483804273	0.900585802894555
SLC23A2	chr20	0.517703308063405	0.576240523776706
SLC25A17	chr22	0.10789972432805	0.820554789800138
SLC25A26	chr3	0.556297381116471	0.539498621640248
SLC29A3	chr10	0.490782219159201	0.502799793246037
SLC30A5	chr5	0.357856650585803	0.933494141971054
SLC30A9	chr4	0.240179186767746	0.71631633356306
SLC31A1	chr9	0.289972432804962	0.633528600964852
SLC35A1	chr6	0.320210199862164	0.689266023432116
SLC35D1	chr1	0.205375603032391	0.694090282563749
SLC35E3	chr12	0.257064093728463	0.728850792556857
SLC35F2	chr11	0.186509303928325	0.705978635423846
SLC35F5	chr2	0.336362853204686	0.756461061337009
SLC36A4	chr11	0.446114748449345	0.582873880082702
SLC37A1	chr21	0.30987250172295	0.700766712611992
SLC38A2	chr12	0.498320124052378	0.981133700895934
SLC38A4	chr12	0.688792212267402	0.390808063404549
SLC39A10	chr2	0.330117160578911	0.561466230186079
SLC39A11	chr17	0.274681254307374	0.606521364576154
SLC39A8	chr4	0.204815644383184	0.609450379048932
SLC3A1	chr2	0.640808063404549	0.510208476912474
SLC41A1	chr1	0.811423156443832	0.450422122674018
SLC4A4	chr4	0.755254996554101	0.281099241902136
SLC7A1	chr13	0.264558924879394	0.859407305306685
SLC7A11	chr4	0.27868711233632	0.580720192970365
SLC7A6OS	chr16	0.0891626464507236	0.880470365265334
SLC8A3	chr14	0.857598208132323	0.243452791178498
SLC9A9	chr3	0.437198483804273	0.483718125430737
SLCO4C1	chr5	0.606305995864921	0.26671261199173
SLCO5A1	chr8	0.447019297036527	0.587267401791868
SLIT3	chr5	0.872458649207443	0.170141281874569
SMAD2	chr18	0.249310820124052	0.708390764989662
SMAD5	chr5	0.517143349414197	0.696631633356306
SMAP1	chr6	0.311035492763611	0.569779462439697
SMARCA2	chr9	0.319564093728463	0.963602687801516
SMARCAD1	chr4	0.414757064093728	0.88736216402481
SMARCE1	chr17	0.455978635423846	0.956753962784287
SMEK2	chr2	0.305866643694004	0.91079427980703
SMPD3	chr16	0.688275327360441	0.285621984838043
SMYD3	chr1	0.393866299104066	0.494788077188146
SMYD4	chr17	0.102903170227429	0.806082012405238
SNAP29	chr22	0.116256030323915	0.720752929014473
SNCA	chr4	0.735613370089593	0.262663680220538
SNX13	chr7	0.417470709855272	0.611647139903515
SNX19	chr11	0.256934872501723	0.905797725706409
SNX5	chr20	0.117203652653343	0.897786009648518
SOAT1	chr1	0.317539627842867	0.78842177808408
SOCS5	chr2	0.369055823569952	0.532649896623019
SORBS2	chr4	0.760036181943487	0.370994141971054
SORCS3	chr10	0.718728463128877	0.228247760165403
SORL1	chr11	0.291006202618884	0.937543073742247
SOS2	chr14	0.256202618883529	0.649767401791868
SOX6	chr11	0.701455892487939	0.218125430737422
SP100	chr2	0.412603376981392	0.916523087525844
SP110	chr2	0.183752584424535	0.945899379738112
SP140	chr2	0.522699862164025	0.842866988283942
SPAG16	chr2	0.612939352170917	0.342823914541695
SPAG5	chr17	0.0573311509303928	0.869098897312198
SPCS3	chr4	0.323699172984149	0.773604410751206
SPG20	chr13	0.622243280496209	0.520287732598208
SPG7	chr16	0.142660234321158	0.902007236388697
SPON1	chr11	0.792039972432805	0.218168504479669
SPOP	chr17	0.12263094417643	0.778730186078566
SPPL3	chr12	0.221571330117161	0.647182977257064
SPSB1	chr1	0.716402481047553	0.253058235699518
SPTLC2	chr14	0.387749827705031	0.738197794624397
SQSTM1	chr5	0.301516195727085	0.828695727084769
SRGAP2	chr1	0.486948656099242	0.552377670572019
SSBP2	chr5	0.338215024121296	0.654160923501034
SSBP3	chr1	0.193314955203308	0.682718814610613
ST3GAL1	chr8	0.618108201240524	0.511285320468642
ST3GAL6	chr3	0.596399035148174	0.565988973121985
ST6GAL1	chr3	0.18762922122674	0.820813232253618
ST6GALNAC5	chr1	0.778600964851826	0.309097174362509
ST7	chr7	0.305349758787043	0.683752584424535
ST7L	chr1	0.365351481736733	0.602644727773949
ST8SIA4	chr5	0.361948656099242	0.788723294279807
STAM	chr10	0.252455203308063	0.676516195727085
STAM2	chr2	0.15118883528601	0.669882839421089
STARD13	chr13	0.5098638869745	0.486991729841489
STARD3NL	chr7	0.383916264645072	0.809269469331496
STAT3	chr17	0.073828394210889	0.794925913163336
STAU2	chr8	0.394426257753274	0.57671433494142
STEAP2	chr7	0.839162646450724	0.205203308063405
STEAP3	chr2	0.181857339765679	0.552937629221227
STIM1	chr11	0.174491729841489	0.630685733976568
STK10	chr5	0.230272226050999	0.900628876636802
STK17B	chr2	0.280582356995176	0.904419365954514
STK24	chr13	0.167126119917298	0.741428325292901
STK3	chr8	0.436293935217092	0.551602343211578
STK38L	chr12	0.287991040661613	0.814266023432116
STK39	chr2	0.871123363197795	0.198096140592695
STX7	chr6	0.35565988973122	0.870563404548587
STXBP5	chr6	0.407520675396278	0.625775327360441
STXBP6	chr14	0.696588559614059	0.381417987594762
STYXL1	chr7	0.15894210889042	0.707400068917988
SUCLG2	chr3	0.377325982081323	0.651231909028256
SUFU	chr10	0.340325637491385	0.601912474155755
SUMF1	chr3	0.372329427980703	0.571243969676085
SUSD1	chr9	0.215024121295658	0.51434355616816
SUV420H1	chr11	0.16079427980703	0.666609235010338
SUZ12	chr17	0.171778084079945	0.93065127498277
SV2A	chr1	0.699388352860096	0.472648173673329
SVIL	chr10	0.706280151619573	0.291609235010338
SYK	chr9	0.466014817367333	0.712741212956582
SYNE2	chr14	0.247587870434183	0.791738456237078
SYNGAP1	chr6	0.538637146795314	0.612250172294969
SYVN1	chr11	0.122157133011716	0.842737767057202
TACC1	chr8	0.52145072363887	0.696588559614059
TAF4B	chr18	0.376938318401103	0.655237767057202
TAOK1	chr17	0.20408339076499	0.817884217780841
TAOK2	chr16	0.109536526533425	0.850835630599586
TAOK3	chr12	0.305780496209511	0.747157133011716
TARBP1	chr1	0.330461750516885	0.769727773949001
TASP1	chr20	0.325422122674018	0.577360441075121
TBC1D1	chr4	0.22592177808408	0.698354583046175
TBC1D22A	chr22	0.18538938662991	0.804359062715369
TBC1D4	chr13	0.483804272915231	0.555737422467264
TBC1D5	chr3	0.385208476912474	0.597648173673329
TBCA	chr5	0.324689869055824	0.694262577532736
TBCD	chr17	0.150413507925569	0.708433838731909
TBL1XR1	chr3	0.310518607856651	0.717350103376981
TCERG1	chr5	0.295830461750517	0.922251895244659
TCF12	chr15	0.360484148862853	0.629393521709166
TCF4	chr18	0.706753962784287	0.54841488628532
TCL1A	chr14	0.447536181943487	0.624956926257753
TCP1	chr6	0.303669882839421	0.922984148862853
TCP11L1	chr11	0.119831150930393	0.765334252239835
TEAD1	chr11	0.84631288766368	0.175180909717436
TEC	chr4	0.369917298414886	0.777351826326671
TESK2	chr1	0.377412129565817	0.503359751895245
TEX10	chr9	0.236431771192281	0.880556512749828
TFB1M	chr6	0.259045485871813	0.869185044796692
TFG	chr3	0.275370434183322	0.936509303928325
TGDS	chr13	0.248535492763611	0.874698483804273
THADA	chr2	0.262835975189524	0.645761543762922
THUMPD3	chr3	0.257279462439697	0.941850447966919
TIAM2	chr6	0.588516540317023	0.510682288077188
TICAM2	chr5	0.454384906960717	0.617246726395589
TIRAP	chr11	0.188404548587181	0.691936595451413
TJP2	chr9	0.4901361130255	0.613327015851137
TLE4	chr9	0.31512749827705	0.623277050310131
TLK2	chr17	0.268607856650586	0.885639214334941
TLR6	chr4	0.414627842866988	0.731392143349414
TM9SF2	chr13	0.23828394210889	0.852386285320469
TMED3	chr15	0.226438662991041	0.914670916609235
TMED4	chr7	0.462224328049621	0.808149552033081
TMEM33	chr4	0.359450379048932	0.785062026188835
TMEM41B	chr11	0.147570640937285	0.602817022742936
TMOD2	chr15	0.445727084769125	0.528084079944866
TMOD3	chr15	0.209295313576844	0.765980358373536
TMPRSS3	chr21	0.465713301171606	0.464550310130944
TNFRSF10B	chr8	0.410621984838043	0.92539627842867
TNFSF11	chr13	0.402093383873191	0.606909028256375
TNIK	chr3	0.290446243969676	0.796476567884218
TNKS2	chr10	0.321631633356306	0.86789283252929
TNPO1	chr5	0.312543073742247	0.819779462439697
TNPO3	chr7	0.234235010337698	0.919710544452102
TOM1L1	chr17	0.517789455547898	0.612336319779462
TP53INP1	chr8	0.388223638869745	0.684570985527223
TPD52	chr8	0.131891798759476	0.690213645761544
TPP2	chr13	0.167729152308753	0.921304272915231
TPR	chr1	0.255987250172295	0.959553756030324
TRA2A	chr7	0.322320813232254	0.936983115093039
TRAF3IP3	chr1	0.349801860785665	0.773992074431427
TRAF5	chr1	0.0777050310130944	0.694219503790489
TRIM14	chr9	0.066118194348725	0.766023432115782
TRIM22	chr11	0.20447105444521	0.967694693314955
TRIM35	chr8	0.221528256374914	0.812801516195727
TRIM38	chr6	0.248449345279118	0.960975189524466
TRIO	chr5	0.231262922122674	0.788034114403859
TRPA1	chr8	0.508959338387319	0.523862853204686
TRPC4AP	chr20	0.304057546519642	0.900068917987595
TRPM2	chr21	0.494400413507926	0.580978635423846
TRPS1	chr8	0.625559958649207	0.355487594762233
TRRAP	chr7	0.25736560992419	0.971958993797381
TSEN2	chr3	0.257193314955203	0.800827015851137
TSSC1	chr2	0.371424879393522	0.727170916609235
TTC12	chr11	0.395416953824948	0.649552033080634
TTC21B	chr2	0.387965196416265	0.778600964851826
TTC3	chr21	0.165230875258442	0.782692970365265
TTC7A	chr2	0.125301516195727	0.790489317711923
TTC9C	chr11	0.490868366643694	0.963042729152309
TTN	chr2	0.428928325292901	0.592780840799449
TULP4	chr6	0.308278773259821	0.637792901447278
TXK	chr4	0.393694004135079	0.560561681598897
TXNDC5	chr6	0.238628532046864	0.95920916609235
UAP1	chr1	0.155065472088215	0.708476912474156
UBA2	chr19	0.173544107512061	0.946287043418332
UBAP1	chr9	0.236560992419021	0.735182632667126
UBAP2	chr9	0.20210199862164	0.861001033769814
UBE2D3	chr4	0.362293246037216	0.75
UBE2E1	chr3	0.28144383184011	0.745563404548587
UBE2E2	chr3	0.406142315644383	0.529677808407994
UBE2G1	chr17	0.189222949689869	0.822923845623708
UBE2H	chr7	0.212568917987595	0.747243280496209
UBE2R2	chr9	0.148389042039972	0.734062715368711
UBE3B	chr12	0.107425913163336	0.787775671950379
UBE3C	chr7	0.149552033080634	0.85789972432805
UBL3	chr13	0.43973983459683	0.531702274293591
UBP1	chr3	0.162344934527912	0.875732253618194
UBQLN1	chr9	0.300439352170917	0.831064782908339
UBR2	chr6	0.211104410751206	0.811035492763611
UCHL3	chr13	0.400758097863542	0.820425568573398
UCK2	chr1	0.277954858718125	0.660406616126809
UGP2	chr2	0.111001033769814	0.743538938662991
UHRF2	chr9	0.278299448656099	0.854626119917298
UMPS	chr3	0.0575465196416265	0.785535837353549
UPF2	chr10	0.183623363197795	0.891066505858029
USH2A	chr1	0.661138869745003	0.231435217091661
USP10	chr16	0.169236733287388	0.839636457615438
USP13	chr3	0.183451068228808	0.674922467263956
USP15	chr12	0.382925568573398	0.847648173673329
USP33	chr1	0.376249138525155	0.797294968986906
USP34	chr2	0.293461405926947	0.828135768435562
USP37	chr2	0.211405926946933	0.883270158511371
USP4	chr3	0.166221571330117	0.966919365954514
USP6NL	chr10	0.254307374224673	0.689222949689869
USP7	chr16	0.247674017918677	0.873449345279118
UST	chr6	0.790058580289456	0.40657305306685
UTRN	chr6	0.474457270847691	0.640463473466575
UXS1	chr2	0.160191247415575	0.709682977257064
VAPA	chr18	0.394900068917988	0.826025155065472
VASH1	chr14	0.768737077877326	0.527136457615438
VGLL4	chr3	0.348337353549276	0.626464507236389
VPS13C	chr15	0.242246726395589	0.784631288766368
VPS54	chr2	0.283252929014473	0.689825982081323
VTI1A	chr10	0.362680909717436	0.582141626464507
WAC	chr10	0.261026878015162	0.943444176430048
WARS2	chr1	0.286009648518263	0.515937284631289
WBP11	chr12	0.32223466574776	0.954944865609924
WBP4	chr13	0.271235354927636	0.807848035837354
WDFY3	chr4	0.657391454169538	0.225534114403859
WDHD1	chr14	0.200163680220538	0.792643004824259
WDR36	chr5	0.270201585113715	0.857296691936595
WDR37	chr10	0.149422811853894	0.853075465196416
WDR41	chr5	0.350275671950379	0.768090971743625
WDR47	chr1	0.217350103376981	0.696674707098553
WDR53	chr3	0.239877670572019	0.627972088215024
WDR62	chr19	0.0603463128876637	0.824259131633356
WDR7	chr18	0.347906616126809	0.530883873190903
WDR70	chr5	0.323914541695382	0.597691247415575
WDR77	chr1	0.504651964162646	0.981779807029635
WNK1	chr12	0.243625086147484	0.853850792556857
WNT10A	chr2	0.33907649896623	0.692798070296347
WRN	chr8	0.345666781529979	0.684312543073742
WSB2	chr12	0.0682718814610613	0.818185733976568
WTAP	chr6	0.333476912474156	0.914886285320469
WWOX	chr16	0.618194348725017	0.383140937284631
WWP1	chr8	0.366772915230875	0.723165058580289
XPNPEP1	chr10	0.203609579600276	0.858761199172984
XPO1	chr2	0.293073742246726	0.958089248793935
XPO6	chr16	0.254350447966919	0.945813232253618
XRCC2	chr7	0.119314266023432	0.710458304617505
XRCC4	chr5	0.368969676085458	0.517057201929704
XRCC5	chr2	0.142272570640937	0.966833218470021
XYLT1	chr16	0.585113714679531	0.523604410751206
YARS	chr1	0.141454169538249	0.958563059958649
YEATS4	chr12	0.345494486560992	0.897527567195038
YES1	chr18	0.556254307374225	0.568530323914542
YLPM1	chr14	0.322536181943487	0.854970709855272
YPEL2	chr17	0.544107512060648	0.491859062715369
YWHAE	chr17	0.284674362508615	0.864403859407305
YWHAQ	chr2	0.101998621640248	0.69236733287388
ZAK	chr2	0.415446243969676	0.584941419710544
ZBTB1	chr14	0.282822191592006	0.732512060647829
ZBTB20	chr3	0.506374913852516	0.463430392832529
ZC3H11A	chr1	0.244529634734666	0.93775844245348
ZC3H8	chr2	0.34368538938663	0.753144383184011
ZCCHC11	chr1	0.317668849069607	0.68276188835286
ZCCHC2	chr18	0.342220882150241	0.8361905582357
ZCCHC6	chr9	0.31762577532736	0.950508270158511
ZCCHC7	chr9	0.284889731219848	0.713215024121296
ZDHHC13	chr11	0.410406616126809	0.844116126809097
ZDHHC2	chr8	0.448613025499655	0.54079083390765
ZDHHC20	chr13	0.38723294279807	0.735096485182633
ZDHHC21	chr9	0.412861819434872	0.780237767057202
ZDHHC7	chr16	0.208864576154376	0.894727773949001
ZFYVE1	chr14	0.222131288766368	0.776619572708477
ZFYVE26	chr14	0.207658511371468	0.955117160578911
ZHX2	chr8	0.239403859407305	0.621726395589249
ZMAT5	chr22	0.317582701585114	0.568142660234321
ZMYND11	chr10	0.28618194348725	0.623018607856651
ZNF124	chr1	0.416738456237078	0.703394210889042
ZNF141	chr4	0.48328738800827	0.888482081323225
ZNF189	chr9	0.517617160578911	0.964894900068918
ZNF202	chr11	0.0482425913163336	0.805823569951757
ZNF207	chr17	0.214765678842178	0.960458304617505
ZNF225	chr19	0.400930392832529	0.835199862164025
ZNF235	chr19	0.438275327360441	0.907865265334252
ZNF236	chr18	0.202489662301861	0.806857339765679
ZNF239	chr10	0.536397312198484	0.492332873880083
ZNF25	chr10	0.469719159200551	0.655410062026189
ZNF266	chr19	0.260423845623708	0.930823569951757
ZNF326	chr1	0.190256719503791	0.848509648518263
ZNF333	chr19	0.37711061337009	0.70434183321847
ZNF346	chr5	0.0907994486560992	0.791350792556857
ZNF37A	chr10	0.454772570640937	0.801731564438318
ZNF398	chr7	0.251636802205376	0.824302205375603
ZNF407	chr18	0.336492074431427	0.540575465196416
ZNF410	chr14	0.143521709166092	0.904850103376981
ZNF451	chr6	0.287344934527912	0.758313232253618
ZNF496	chr1	0.133097863542385	0.769038594073053
ZNF516	chr18	0.370994141971054	0.715411784975879
ZNF527	chr19	0.317711922811854	0.666566161268091
ZNF536	chr19	0.607512060647829	0.177033080634045
ZNF557	chr19	0.429359062715369	0.974974155754652
ZNF571	chr19	0.465368711233632	0.507710199862164
ZNF583	chr19	0.483115093039283	0.627670572019297
ZNF600	chr19	0.344029979324604	0.822450034458994
ZNF623	chr8	0.487336319779462	0.762319090282564
ZNF638	chr2	0.341273259820813	0.902782563749139
ZNF680	chr7	0.367720537560303	0.737853204686423
ZNF7	chr8	0.510294624396968	0.95696933149552
ZNF74	chr22	0.371511026878015	0.620649552033081
ZNF79	chr9	0.315429014472777	0.926386974500345
ZNF8	chr19	0.421175051688491	0.917729152308753
ZNF84	chr12	0.462482770503101	0.849500344589938
ZW10	chr11	0.361819434872502	0.859019641626464
ZZEF1	chr17	0.26197450034459	0.938232253618194
ZZZ3	chr1	0.208735354927636	0.707701585113715
