gene	chr	txStart	txEnd	status	GM12878_rank_K27divIN	GM12878_rank_K36divIN
AAK1	chr2	69685126	69870977	BAE	0.313016885	0.66815989
ABAT	chr16	8768443	8878432	BAE	0.578437285	0.438146106
ABCA12	chr2	215796265	216003151	BAE	0.467823915	0.514774294
ABCA5	chr17	67240575	67323323	BAE	0.171218125	0.67841144
ABCB4	chr7	87031360	87105019	BAE	0.513137491	0.512017574
ABCC1	chr16	16043433	16236930	BAE	0.166178498	0.898561337
ABCC4	chr13	95672082	95953687	BAE	0.238542385	0.757753274
ABCC5	chr3	183637723	183735727	BAE	0.202748105	0.573483804
ABCF2	chr7	150904922	150924317	BAE	0.410751206	0.85889042
ABL1	chr9	133589267	133763062	BAE	0.169452102	0.596355961
ABLIM1	chr10	116190868	116444414	MAE	0.703911096	0.46950379
ABR	chr17	906757	1090616	MAE	0.139472777	0.784157478
ACACA	chr17	35441926	35766902	BAE	0.243108201	0.723552722
ACAD9	chr3	128598332	128631957	BAE	0.131374914	0.935217092
ACADM	chr1	76190042	76229355	BAE	0.210759821	0.880685734
ACADSB	chr10	124768428	124817806	BAE	0.250818401	0.559614059
ACBD6	chr1	180257351	180472022	BAE	0.399336664	0.638395934
ACOXL	chr2	111490149	111875799	MAE	0.866643694	0.362982426
ACSS1	chr20	24986865	25038818	BAE	0.22363887	0.679229841
ACTN4	chr19	39138266	39221171	BAE	0.149767402	0.773819779
ACTR2	chr2	65454828	65498390	BAE	0.147699862	0.918073742
ACTR5	chr20	37377096	37401089	BAE	0.321071675	0.815429014
ADAM23	chr2	207308367	207482679	MAE	0.766368022	0.449603722
ADAMTS16	chr5	5140442	5320412	MAE	0.624440041	0.171088904
ADAMTS20	chr12	43748011	43945724	MAE	0.656185389	0.263611303
ADAR	chr1	154554533	154600456	BAE	0.120649552	0.933106478
ADARB1	chr21	46494492	46646478	MAE	0.848466575	0.382279462
ADCK1	chr14	78266425	78400297	BAE	0.198139214	0.526533425
ADCY2	chr5	7396342	7830194	MAE	0.663292557	0.226352516
ADNP	chr20	49506882	49547527	BAE	0.224758787	0.911268091
AFF1	chr4	87856153	88062206	BAE	0.177463818	0.801645417
AGPAT4	chr6	161551056	161695107	MAE	0.555780496	0.4255255
AIG1	chr6	143382022	143661441	BAE	0.470408339	0.481478291
AIM1	chr6	106959729	107018334	BAE	0.204600276	0.840756375
AJAP1	chr1	4715104	4843851	MAE	0.684657133	0.09726051
AK3	chr9	4709556	4742043	BAE	0.255599586	0.835372157
AKAP11	chr13	42846288	42897403	BAE	0.313921433	0.893177119
AKAP2	chr9	112810877	112934791	BAE	0.231650586	0.795528946
AKAP6	chr14	32798478	33302268	MAE	0.619055824	0.343426947
AKAP9	chr7	91570188	91739987	BAE	0.374353894	0.763180565
ALCAM	chr3	105085556	105295757	BAE	0.373664714	0.62004652
ALDH18A1	chr10	97365685	97416567	BAE	0.295959683	0.97467264
ALDH1L2	chr12	105413561	105478341	MAE	0.416523088	0.59299621
ALG8	chr11	77811987	77850699	BAE	0.215325637	0.741471399
ALPK1	chr4	113218498	113363764	BAE	0.369615782	0.560217092
AMD1	chr6	111195986	111216913	BAE	0.417212267	0.538852516
AMICA1	chr11	118064441	118095809	MAE	0.743108201	0.355530669
AMPD3	chr11	10471867	10529126	BAE	0.675783942	0.621037216
ANAPC10	chr4	145915726	146019693	BAE	0.251162991	0.650887319
ANKFY1	chr17	4066664	4167274	BAE	0.19383184	0.87431082
ANKH	chr5	14704908	14871887	MAE	0.38098725	0.55974328
ANKIB1	chr7	91875547	92030698	BAE	0.296648863	0.737465541
ANKRD10	chr13	111530886	111567416	BAE	0.216402481	0.821890076
ANKRD11	chr16	89334028	89556969	BAE	0.211190558	0.771838387
ANKRD12	chr18	9136750	9285983	BAE	0.322493108	0.774638181
ANP32B	chr9	100745488	100778224	MAE	0.292599931	0.941807374
ANTXR2	chr4	80822770	80994477	BAE	0.515377326	0.568788766
ANXA11	chr10	81914879	81965328	BAE	0.128790489	0.718728463
ANXA6	chr5	150480266	150537443	BAE	0.080289456	0.932675741
AOX1	chr2	201450730	201536217	MAE	0.755341144	0.226266368
AP1B1	chr22	29723668	29784572	BAE	0.12465541	0.88628532
AP3D1	chr19	2100992	2151556	BAE	0.184484838	0.97122674
AP3S2	chr15	90373830	90437617	BAE	0.312586147	0.764429704
APAF1	chr12	99039077	99129211	BAE	0.320770159	0.848595796
APBB1IP	chr10	26727265	26856732	BAE	0.203394211	0.850232598
APBB2	chr4	40812043	41216635	MAE	0.386500689	0.560992419
APOBEC2	chr6	41020939	41032630	BAE	0.464076499	0.737120951
APOBEC3G	chr22	39473009	39483748	BAE	0.038421778	0.817539628
APOL3	chr22	36536370	36562225	BAE	0.185906272	0.665963129
APP	chr21	27252860	27543446	MAE	0.479109235	0.600103377
APTX	chr9	32972603	33001639	BAE	0.190859752	0.810174018
AQR	chr15	35148551	35261995	BAE	0.350706409	0.886802205
ARHGAP10	chr4	148653452	148993927	BAE	0.357124397	0.67875603
ARHGAP12	chr10	32095224	32217770	BAE	0.333347691	0.569391799
ARHGAP15	chr2	143886898	144525921	BAE	0.36625603	0.620692626
ARHGAP17	chr16	24930711	25026675	BAE	0.235656444	0.943573398
ARHGAP18	chr6	129898239	130031370	BAE	0.391152653	0.760165403
ARHGAP21	chr10	24872537	25012597	MAE	0.337224328	0.546218125
ARHGAP24	chr4	86396283	86923823	MAE	0.715196416	0.376206065
ARHGAP26	chr5	142150291	142608572	MAE	0.483244314	0.523389042
ARHGEF12	chr11	120207617	120360645	BAE	0.427205376	0.642617161
ARHGEF7	chr13	111767623	111947542	BAE	0.515808063	0.797381116
ARID1B	chr6	157099063	157531913	BAE	0.269426258	0.727343212
ARID5A	chr2	97202463	97218371	BAE	0.084984493	0.897139904
ARIH2	chr3	48956280	49022971	BAE	0.227601654	0.887276017
ARNTL	chr11	13299324	13408812	BAE	0.276318057	0.685174018
ARNTL2	chr12	27485786	27578746	BAE	0.289670917	0.716100965
ARSB	chr5	78073036	78282357	BAE	0.218383873	0.51162991
ASAH1	chr8	17913924	17942507	BAE	0.216574776	0.705203308
ASB16	chr17	42248073	42256451	BAE	0.099888008	0.719546864
ASB3	chr2	53897116	54014146	BAE	0.284286699	0.68185734
ASB7	chr15	101142754	101191904	BAE	0.272355272	0.778945555
ASCC1	chr10	73855789	73976892	BAE	0.400241213	0.808709511
ASCC3	chr6	100956607	101329224	BAE	0.396967609	0.731521365
ASNS	chr7	97481428	97501854	BAE	0.399250517	0.698656099
ASPH	chr8	62413114	62627199	BAE	0.42875603	0.468599242
ASXL2	chr2	25962252	26101312	BAE	0.287431082	0.646838387
ATF6	chr1	161736033	161933860	BAE	0.341747071	0.75275672
ATF7IP	chr12	14518610	14651697	BAE	0.443917988	0.880125775
ATG10	chr5	81267843	81551216	BAE	0.298931771	0.484881116
ATG16L1	chr2	234160216	234204320	BAE	0.142014128	0.936767746
ATG7	chr3	11314009	11599139	BAE	0.210889042	0.66182805
ATP10B	chr5	159990126	160279219	BAE	0.658123708	0.327101999
ATP10D	chr4	47487409	47595503	BAE	0.313146106	0.739705376
ATP11A	chr13	113344642	113541482	MAE	0.180091316	0.692970365
ATP11B	chr3	182511290	182639421	BAE	0.381504135	0.875387664
ATP2B1	chr12	89981825	90049844	BAE	0.284631289	0.85923501
ATP5A1	chr18	43664109	43684199	BAE	0.213990351	0.858201241
ATP6V0A2	chr12	124196864	124246301	BAE	0.217177808	0.864705376
ATP6V1E1	chr22	18074902	18111588	BAE	0.404634735	0.967780841
ATP8A1	chr4	42410391	42659122	BAE	0.283296003	0.756374914
ATP8B1	chr18	55313658	55470327	BAE	0.627842867	0.422251895
ATP9B	chr18	76829396	77138282	BAE	0.319994831	0.648690558
ATRN	chr20	3451664	3631769	BAE	0.297036527	0.618495865
ATXN1	chr6	16299342	16761721	BAE	0.536914197	0.605961406
ATXN10	chr22	46067677	46241187	BAE	0.197751551	0.777610269
ATXN7	chr3	63850232	63989136	BAE	0.311509304	0.769383184
ATXN7L1	chr7	105245220	105517031	MAE	0.856176775	0.328824948
B3GNT1	chr11	66112842	66115161	BAE	0.094116127	0.048285665
B4GALT4	chr3	118930588	118959752	BAE	0.300956237	0.833304618
B4GALT6	chr18	29202208	29264686	BAE	0.18151275	0.621381806
BAG5	chr14	104022880	104029151	BAE	0.145244659	0.767143349
BARD1	chr2	215593274	215674428	BAE	0.340713301	0.885682288
BAZ1A	chr14	35221936	35344853	BAE	0.193616471	0.864274638
BBX	chr3	107241782	107530049	BAE	0.325206754	0.623837009
BCAP29	chr7	107220421	107263762	BAE	0.419021365	0.660018952
BCAS3	chr17	58755171	59470199	BAE	0.616083735	0.377885941
BCAT1	chr12	24962957	25102393	BAE	0.418762922	0.610785665
BCL11A	chr2	60678301	60780633	MAE	0.314825982	0.710716747
BCL2	chr18	60790578	60986613	BAE	0.209467609	0.704212612
BCMO1	chr16	81272295	81324747	MAE	0.706581668	0.234838043
BCR	chr22	23522551	23660224	MAE	0.322148518	0.667427636
BICD1	chr12	32260184	32531141	BAE	0.272570641	0.554875948
BIN3	chr8	22477946	22526661	BAE	0.289843212	0.749396968
BIVM	chr13	103451398	103493888	BAE	0.396235355	0.752541351
BLK	chr8	11351520	11422108	BAE	0.186164714	0.811337009
BLM	chr15	91260578	91358686	BAE	0.166953825	0.785406616
BLNK	chr10	97951454	98031333	BAE	0.195167126	0.963818057
BMPER	chr7	33944522	34195484	MAE	0.681598897	0.244960372
BRIP1	chr17	59756546	59940920	BAE	0.34932805	0.656573053
BRMS1L	chr14	36295596	36341169	BAE	0.342436251	0.739016196
BRWD1	chr21	40557403	40685712	BAE	0.421433494	0.857684356
BSPRY	chr9	116111811	116133513	MAE	0.659846657	0.420787388
BTAF1	chr10	93683735	93790080	BAE	0.373147829	0.938146106
BTBD7	chr14	93703895	93799385	BAE	0.349888008	0.737164025
BTBD9	chr6	38136226	38607924	BAE	0.410880427	0.482382839
BTRC	chr10	103113789	103317078	BAE	0.263309786	0.515549621
C10orf137	chr10	127408083	127452712	BAE	NA	NA
C14orf101	chr14	57046510	57116232	BAE	NA	NA
C14orf118	chr14	76618258	76669134	BAE	NA	NA
C14orf126	chr14	31915242	31926680	BAE	NA	NA
C14orf159	chr14	91580356	91691703	BAE	0.141195727	0.888869745
C14orf49	chr14	95883830	95942173	BAE	NA	NA
C16orf5	chr16	4560676	4588816	MAE	NA	NA
C18orf54	chr18	51885170	51908404	BAE	0.423199518	0.634734666
C1orf112	chr1	169764549	169822229	BAE	0.321416265	0.85393694
C1orf27	chr1	186344889	186390503	BAE	0.376464507	0.909502068
C1orf52	chr1	85715636	85725355	BAE	0.290920055	0.817927292
C20orf43	chr20	55043646	55093942	BAE	NA	NA
C20orf94	chr20	10415950	10604027	BAE	NA	NA
C3orf14	chr3	62305395	62319320	MAE	0.694994831	0.315988973
C3orf23	chr3	44379943	44450940	BAE	NA	NA
C4BPB	chr1	207262211	207273337	MAE	0.591014817	0.356736733
C6orf162	chr6	88032305	88052043	BAE	NA	NA
C6orf89	chr6	36853639	36896740	BAE	0.244572708	0.634217781
C8orf38	chr8	96037213	96070944	BAE	NA	NA
C8orf47	chr8	99076749	99105838	MAE	0.670615093	0.446803928
C9	chr5	39284377	39364655	MAE	0.693702619	0.325465196
C9orf46	chr9	5357966	5437937	BAE	NA	NA
C9orf91	chr9	117373705	117408703	BAE	0.319133356	0.951240524
CAB39	chr2	231577556	231685790	BAE	0.327360441	0.867806685
CABP1	chr12	121078421	121105127	MAE	0.763826671	0.261802205
CACNA1D	chr3	53529030	53846492	BAE	0.750215369	0.258571675
CACNB4	chr2	152689285	152955593	BAE	0.640118884	0.441290489
CADPS	chr3	62384020	62861064	MAE	0.744185045	0.201412819
CADPS2	chr7	121958477	122526813	MAE	0.679962095	0.332615438
CALN1	chr7	71244475	71877360	MAE	0.469159201	0.374181599
CALU	chr7	128379345	128413477	BAE	0.194434873	0.888912819
CAMK2D	chr4	114372187	114683083	BAE	0.41505858	0.681943487
CAMK4	chr5	110559946	110820748	BAE	0.356650586	0.649724328
CAMTA1	chr1	6845383	7829766	BAE	0.789843212	0.414541695
CAP1	chr1	40506254	40538321	BAE	0.124612336	0.948526878
CAPZB	chr1	19665266	19812066	BAE	0.151404204	0.849543418
CARD11	chr7	2945709	3083509	BAE	0.223768091	0.789929359
CARHSP1	chr16	8946801	8962863	BAE	0.085027567	0.841919366
CARS	chr11	3022151	3078681	BAE	0.137491385	0.864533081
CASC4	chr15	44580908	44707959	BAE	0.260208477	0.643349414
CASC5	chr15	40886446	40954881	BAE	0.288120262	0.848940386
CASP2	chr7	142985307	143004789	BAE	0.139989662	0.91712612
CASP6	chr4	110609784	110624629	MAE	0.10669366	0.710156788
CASP7	chr10	115438934	115490664	BAE	0.374267746	0.78407133
CAST	chr5	95997740	96110385	BAE	0.276059614	0.666350793
CAT	chr11	34460471	34493607	BAE	0.087138181	0.74125603
CBX3	chr7	26240830	26253227	BAE	0.214722605	0.907133012
CCDC25	chr8	27590832	27630170	BAE	0.334295314	0.827403515
CCDC28A	chr6	139094656	139114456	BAE	0.162861819	0.575809786
CCDC6	chr10	61548505	61666414	BAE	0.283985183	0.679574431
CCL28	chr5	43381599	43412488	BAE	0.446545486	0.462095107
CCND2	chr12	4382901	4414522	BAE	0.304703653	0.97398346
CCNF	chr16	2479394	2508859	BAE	0.147269125	0.975361819
CCNK	chr14	99947738	99977852	BAE	0.133485527	0.884303928
CCT3	chr1	156278751	156308206	BAE	0.28441592	0.975060303
CD200	chr3	112051915	112081658	BAE	0.431685045	0.831194004
CD302	chr2	160625138	160654766	BAE	0.41609235	0.598940386
CD33	chr19	51728334	51743274	MAE	0.91148346	0.435604755
CD4	chr12	6898637	6929976	MAE	0.711018263	0.099974156
CD44	chr11	35160416	35253949	BAE	0.415317023	0.708304618
CD53	chr1	111413820	111442558	BAE	0.279203997	0.933795658
CD80	chr3	119243139	119278481	BAE	0.119917298	0.87995348
CD83	chr6	14117486	14137148	BAE	0.383657822	0.898776706
CD84	chr1	160510883	160549306	BAE	0.280840799	0.603764645
CDC14A	chr1	100818022	100985833	BAE	0.338042729	0.559226396
CDC34	chr19	531732	542087	BAE	0.222820469	0.879910407
CDC42	chr1	22379119	22419436	BAE	0.135983804	0.84450379
CDC42BPA	chr1	227177565	227505826	MAE	0.793289111	0.184700207
CDCA8	chr1	38158072	38175391	BAE	0.165920055	0.9297898
CDH2	chr18	25530929	25757445	MAE	0.585199862	0.27002929
CDK5RAP2	chr9	123151146	123342437	BAE	0.306685045	0.8672898
CDK6	chr7	92234234	92465941	BAE	0.285148174	0.680565127
CDKAL1	chr6	20534687	21232634	BAE	0.32723122	0.55513439
CDYL2	chr16	80637675	80838175	MAE	0.669452102	0.41747071
CENPC1	chr4	68337988	68411256	BAE	NA	NA
CENPE	chr4	104026962	104119566	BAE	0.409889731	0.856650586
CENPJ	chr13	25456411	25497085	BAE	0.293633701	0.850146451
CGGBP1	chr3	88101099	88199016	BAE	0.364920744	0.74160062
CHCHD6	chr3	126423117	126679244	BAE	0.415144728	0.483588904
CHD2	chr15	93443550	93571237	BAE	0.208649207	0.973251206
CHD6	chr20	40031169	40247133	BAE	0.288550999	0.721140593
CHD7	chr8	61591323	61780586	BAE	0.448914542	0.679703653
CHL1	chr3	238278	451097	MAE	0.645675396	0.319994831
CHMP7	chr8	23101149	23119512	MAE	0.65480703	0.803626809
CHST11	chr12	104850691	105155792	BAE	0.174319435	0.593513094
CHSY1	chr15	101715927	101792137	BAE	0.259131633	0.68784459
CLASP1	chr2	122095351	122407052	BAE	0.198311509	0.795270503
CLCC1	chr1	109472129	109506111	BAE	0.357382839	0.885811509
CLCN3	chr4	170541671	170644338	BAE	0.220580634	0.696976223
CLDN1	chr3	190023489	190040235	MAE	0.849543418	0.325249828
CLEC2B	chr12	10004967	10022458	MAE	0.782089938	0.455461751
CLEC4C	chr12	7882010	7902069	MAE	0.525844245	0.515463473
CLOCK	chr4	56298659	56412997	BAE	0.370649552	0.767358718
CLYBL	chr13	100258918	100549388	BAE	0.599974156	0.402782564
CMIP	chr16	81478774	81745367	BAE	0.212741213	0.650973467
CMKLR1	chr12	108681820	108733094	MAE	0.426731564	0.574689869
CNN3	chr1	95362506	95392735	MAE	0.779893177	0.461319779
CNOT1	chr16	58553854	58663750	BAE	0.361431771	0.980616816
CNOT2	chr12	70636773	70748773	BAE	0.424620951	0.742031358
CNOT4	chr7	135046546	135194875	BAE	0.179014473	0.657176085
CNOT6	chr5	179921416	180005353	BAE	0.254092006	0.852730875
CNTN3	chr3	74311721	74570343	MAE	0.552119228	0.327317367
CNTN6	chr3	1134628	1445278	MAE	0.547725706	0.206969331
COCH	chr14	31343740	31359822	MAE	0.591359407	0.512879049
COG1	chr17	71189172	71204645	BAE	0.079514128	0.881288766
COG2	chr1	230778201	230829731	BAE	0.388094418	0.862551688
COG5	chr7	106842188	107204959	BAE	0.368495865	0.567582702
COG6	chr13	40229763	40365802	BAE	0.4803153	0.560863198
COL13A1	chr10	71561643	71718904	MAE	0.906788422	0.154677808
COL19A1	chr6	70576447	70922157	BAE	0.35152481	0.600921778
COL22A1	chr8	139600477	139926236	MAE	0.714291868	0.205849414
COL23A1	chr5	177664616	178017556	MAE	0.664843212	0.225103377
COL27A1	chr9	116918230	117072975	MAE	0.861216402	0.088602688
COL4A3	chr2	228029280	228179508	MAE	0.515506547	0.51335286
COL4A3BP	chr5	74666927	74807806	BAE	0.395632323	0.769555479
COMMD1	chr2	62132802	62363205	BAE	0.242806685	0.552506892
COMMD10	chr5	115420726	115628978	BAE	0.431125086	0.551817712
COMT	chr22	19929262	19957498	MAE	0.057761888	0.654247071
COPS2	chr15	49417470	49447854	BAE	0.295313577	0.816678153
CORO1C	chr12	109038886	109125295	BAE	0.122027912	0.777567195
CORO7	chr16	4404542	4466962	BAE	0.15101654	0.848251206
CPEB3	chr10	93808396	94050875	BAE	0.539197105	0.53902481
CPEB4	chr5	173315330	173387313	BAE	0.260337698	0.807761888
CPNE4	chr3	131253576	131753844	MAE	0.722906616	0.30616816
CPNE8	chr12	39046001	39299420	MAE	0.37568918	0.661225017
CPOX	chr3	98298289	98312455	BAE	0.34196244	0.942281185
CPSF6	chr12	69633316	69668138	BAE	0.12568918	0.833046175
CREB3L2	chr7	137559724	137686847	BAE	0.279936251	0.856047553
CREG1	chr1	167510250	167523056	BAE	0.468470021	0.729410751
CRIPT	chr2	46844324	46852881	BAE	0.307675741	0.748061682
CRKL	chr22	21271713	21308037	BAE	0.313706065	0.91148346
CROT	chr7	86974950	87029112	BAE	0.223078911	0.645201585
CRY1	chr12	107385142	107487598	MAE	0.631977946	0.429574431
CSNK1E	chr22	38686696	38714089	BAE	0.251421433	0.90342867
CSNK2A1	chr20	463337	524482	BAE	0.263998966	0.893521709
CSNK2A2	chr16	58191811	58231782	BAE	0.313404549	0.947234666
CSRP1	chr1	201452657	201476387	BAE	0.196373191	0.716402481
CSRP2BP	chr20	18122867	18169031	BAE	0.342953136	0.818961061
CTBP1	chr4	1205227	1242908	BAE	0.047036527	0.892315644
CTNNA1	chr5	138089106	138270723	BAE	0.292384562	0.652222605
CTNNA2	chr2	79740059	80875988	BAE	0.596054445	0.391238801
CTNNA3	chr10	67679724	69455949	MAE	0.622286354	0.260725362
CTNNAL1	chr9	111704850	111775764	BAE	0.341660924	0.61901275
CTNNBL1	chr20	36322433	36500520	BAE	0.237293246	0.728764645
CTPS	chr1	41445006	41478235	BAE	NA	NA
CTSC	chr11	88026759	88070941	BAE	0.380082702	0.894555479
CUL1	chr7	148395932	148498202	BAE	0.143134045	0.785492764
CUL3	chr2	225334866	225450114	BAE	0.389645072	0.834381461
CUL5	chr11	107879407	107978488	BAE	0.260380772	0.805909717
CXCL10	chr4	76942268	76944689	MAE	0.850964852	0.139343556
CYBRD1	chr2	172378756	172414643	BAE	0.413249483	0.712870434
CYP20A1	chr2	204103163	204170563	BAE	0.081064783	0.723466575
CYP7B1	chr8	65508528	65711348	MAE	0.573483804	0.460845968
DAAM1	chr14	59655398	59836471	BAE	0.460889042	0.583046175
DAPK1	chr9	90112755	90323549	MAE	0.263051344	0.677377671
DBN1	chr5	176883613	176900694	MAE	0.580892488	0.603850793
DCBLD1	chr6	117803819	117891020	BAE	0.405711578	0.608976568
DCP1A	chr3	53317444	53381654	BAE	0.175310131	0.831538594
DCUN1D2	chr13	114110133	114145023	BAE	0.174362509	0.780453136
DCUN1D3	chr16	20869395	20911561	BAE	0.37465541	0.601223294
DDHD1	chr14	53503457	53620046	BAE	0.392272571	0.801343901
DDX10	chr11	108535815	108811648	BAE	0.336965886	0.633184011
DDX11	chr12	31226778	31257725	BAE	0.049276361	0.75564266
DDX31	chr9	135469675	135545788	BAE	0.254522743	0.91678153
DEGS1	chr1	224370909	224381142	BAE	0.392746382	0.732555134
DENND1A	chr9	126141932	126692417	BAE	0.282176085	0.612034804
DENND1B	chr1	197473878	197744623	BAE	0.487465541	0.467005513
DEPDC1B	chr5	59892738	59995993	BAE	0.330246382	0.634691592
DFNA5	chr7	24737973	24797639	BAE	0.207400069	0.723121985
DGCR2	chr22	19023794	19109967	BAE	0.217866988	0.808881806
DGCR8	chr22	20067754	20099400	BAE	0.275542729	0.938016885
DGKD	chr2	234263152	234380743	BAE	0.175223983	0.801128532
DIAPH1	chr5	140894587	140998622	BAE	0.319477946	0.878273604
DICER1	chr14	95552564	95623759	BAE	0.32860958	0.860656444
DLG1	chr3	196769430	197025447	BAE	0.331409373	0.720839076
DLGAP1	chr18	3496029	4455266	MAE	0.641195727	0.340024121
DLST	chr14	75348593	75370450	BAE	0.369572708	0.962181254
DMTF1	chr7	86781676	86825648	BAE	0.302377671	0.959123019
DMXL2	chr15	51739920	51914967	BAE	0.356176775	0.55306685
DNAH3	chr16	20944475	21170762	MAE	0.71730703	0.207916954
DNAJC11	chr1	6694227	6761966	BAE	0.10992419	0.809570986
DNAJC13	chr3	132136552	132257876	BAE	0.300568573	0.834639904
DNAJC15	chr13	43597361	43683306	MAE	0.22824776	0.642918677
DNM3	chr1	171810620	172381857	MAE	0.63869745	0.365437629
DNMBP	chr10	101635333	101769676	BAE	0.129005858	0.892660234
DOCK10	chr2	225629806	225907330	BAE	0.308838732	0.833433839
DOCK2	chr5	169064250	169510386	BAE	0.247415575	0.891281875
DOCK5	chr8	25042286	25270619	MAE	0.705634045	0.423759476
DOCK8	chr9	214864	465259	BAE	0.446287043	0.884347002
DOCK9	chr13	99445740	99738660	MAE	0.630341144	0.424017919
DPP4	chr2	162848754	162931052	MAE	0.527481048	0.547251895
DPY19L3	chr19	32896654	32976799	BAE	0.269598553	0.675396278
DPYD	chr1	97543299	98386615	BAE	0.459079945	0.447536182
DRD3	chr3	113847556	113897899	MAE	0.897182977	0.305608201
DSC3	chr18	28570051	28622781	MAE	0.788163336	0.304272915
DSCAM	chr21	41384342	42219039	MAE	0.411181943	0.322837698
DSCR3	chr21	38595725	38639833	BAE	0.125172295	0.70684011
DSG2	chr18	29078026	29128814	BAE	0.511371468	0.679531358
DST	chr6	56322784	56507694	BAE	0.336190558	0.722992764
DTNBP1	chr6	15523031	15663289	BAE	0.218556168	0.599543418
DUSP16	chr12	12626215	12715448	BAE	0.228118539	0.702058925
DUSP22	chr6	292100	351355	BAE	0.199991385	0.697665403
DYM	chr18	46570171	46987079	BAE	0.386328394	0.58782736
DYRK1A	chr21	38739858	38887679	BAE	0.33851654	0.788981737
E2F8	chr11	19245609	19263202	BAE	0.350620262	0.886113025
EBF1	chr5	158122922	158526788	MAE	0.535621985	0.558063405
EEA1	chr12	93166284	93323107	BAE	0.407951413	0.763654376
EEF1G	chr11	62327072	62341460	BAE	0.385122329	0.966876292
EEFSEC	chr3	127872312	128127489	BAE	0.20085286	0.591445555
EFNA5	chr5	106712589	107006596	MAE	0.607382839	0.483115093
EFTUD2	chr17	42927654	42976993	BAE	0.124913853	0.939309097
EGF	chr4	110834039	110934118	BAE	0.872329428	0.365394555
EGFR	chr7	55086724	55275031	MAE	0.736044108	0.135337698
EHMT1	chr9	140513443	140730578	BAE	0.282046864	0.866385252
EIF2AK3	chr2	88856258	88927094	BAE	0.159028256	0.801559269
EIF2AK4	chr15	40226346	40327797	BAE	0.245477257	0.786655755
EIF2B1	chr12	124105569	124118323	BAE	0.092780841	0.93151275
EIF4E2	chr2	233415356	233433920	BAE	0.185130944	0.889688146
EIF5B	chr2	99953833	100016728	BAE	0.144727774	0.808924879
ELAVL1	chr19	8023456	8070529	BAE	0.160406616	0.909846657
ELF2	chr4	139978870	140060606	MAE	0.561638525	0.603118539
ELMO1	chr7	36892510	37488895	BAE	0.48134907	0.631805651
ELOVL6	chr4	110970228	111119820	BAE	0.309054101	0.527954859
EML4	chr2	42396489	42559688	BAE	0.253273604	0.728333908
ENTPD5	chr14	74433180	74486026	BAE	0.193788766	0.713818057
EP400	chr12	132434464	132565011	MAE	0.091316334	0.851783253
EPB41	chr1	29213602	29446558	BAE	0.438835286	0.576154376
EPB41L2	chr6	131160487	131384462	BAE	0.341316334	0.554229841
EPHB1	chr3	134514098	134979307	MAE	0.612250172	0.555565127
EPS8	chr12	15773074	15942510	MAE	0.682503446	0.357684356
EPSTI1	chr13	43462121	43566377	BAE	0.24896623	0.792169194
ERBB2IP	chr5	65222381	65376851	BAE	0.381159545	0.776878015
ERBB4	chr2	212240441	213403352	MAE	0.662388008	0.199431427
ERCC2	chr19	45854648	45873845	BAE	0.278170227	0.879048932
ERCC8	chr5	60169658	60240905	BAE	0.256805651	0.63098725
ERICH1	chr8	614199	681226	BAE	0.297984149	0.859321158
ETFA	chr15	76508628	76603810	BAE	0.23561337	0.802808408
ETS1	chr11	128328655	128457453	BAE	0.419753618	0.658640593
ETV6	chr12	11802787	12048325	BAE	0.22893694	0.854324604
EVC	chr4	5712923	5816031	MAE	0.510682288	0.673587181
EVC2	chr4	5564145	5711275	MAE	0.556469676	0.553023777
EVI5	chr1	92974252	93257961	BAE	0.520201585	0.474284976
EXO1	chr1	242011492	242053241	BAE	0.227730875	0.76404204
EXOSC7	chr3	45017740	45054158	BAE	0.36164714	0.896321502
EXT1	chr8	118811601	119124058	BAE	0.508528601	0.459984493
EXT2	chr11	44117098	44266980	BAE	0.222992764	0.579514128
EZH2	chr7	148504463	148581441	BAE	0.209898346	0.738154721
FADS1	chr11	61567096	61584529	BAE	0.299104066	0.792212267
FADS2	chr11	61595712	61634825	BAE	0.220796003	0.832313921
FAF1	chr1	50906934	51425936	BAE	0.337956582	0.616988284
FAH	chr15	80445232	80478924	MAE	0.205289456	0.675051688
FAIM	chr3	138327541	138352213	MAE	0.513568229	0.518823225
FAM18B2	chr17	15405577	15466945	MAE	NA	NA
FAM19A2	chr12	62102028	62586620	MAE	0.639601999	0.256417988
FAM49A	chr2	16730729	16847134	MAE	0.855013784	0.316678153
FAM69A	chr1	93298285	93427079	BAE	0.262448312	0.625603032
FAM78B	chr1	166039255	166135958	BAE	0.603678498	0.363930048
FARP2	chr2	242295663	242434256	BAE	0.200077533	0.695684011
FARS2	chr6	5261583	5771816	BAE	0.336664369	0.532606823
FAS	chr10	90750287	90775542	BAE	0.094331496	0.779333218
FBN2	chr5	127593600	127873735	MAE	0.668332185	0.310733977
FBXL17	chr5	107194733	107717799	BAE	0.416566161	0.477989318
FBXL4	chr6	99321600	99395849	BAE	0.277437974	0.616902136
FBXL5	chr4	15606006	15657035	BAE	0.229583046	0.756504135
FBXO11	chr2	48034058	48132932	BAE	0.279591661	0.835759821
FBXO38	chr5	147763545	147822399	BAE	0.179057547	0.878101309
FBXO42	chr1	16576558	16678948	BAE	0.13869745	0.755814955
FBXO7	chr22	32870706	32894818	BAE	0.130039628	0.891540317
FBXW4	chr10	103370420	103454743	BAE	0.153600965	0.746424879
FER	chr5	108083522	108523373	BAE	0.412215713	0.544882839
FGFR2	chr10	123237843	123357972	BAE	0.707486216	0.1523949
FHIT	chr3	59735035	61237133	BAE	0.587568918	0.405711578
FHL2	chr2	105977282	106055230	MAE	0.877282908	0.438706065
FKBP5	chr6	35541361	35696360	MAE	0.457098553	0.63731909
FLI1	chr11	128563810	128683162	BAE	0.429272915	0.741557547
FLNB	chr3	57994126	58157982	BAE	0.445037905	0.626550655
FMNL2	chr2	153191750	153506348	MAE	0.535880427	0.475275672
FNDC3B	chr3	171757417	172118492	BAE	0.324345279	0.768177119
FRK	chr6	116262692	116381921	MAE	0.43543246	0.574216058
FUT8	chr14	65877309	66210839	BAE	0.338559614	0.694994831
FXR1	chr3	180630233	180700539	BAE	0.431211234	0.940213646
FYB	chr5	39105353	39270759	MAE	0.653816334	0.436724673
FZD6	chr8	104310660	104345094	MAE	0.437586147	0.569822536
GABPA	chr21	27107257	27144771	BAE	0.357641282	0.800051688
GABPB2	chr1	151043079	151091007	BAE	0.0898949	0.54143694
GAL3ST1	chr22	30950623	30960876	BAE	0.652308753	0.163077188
GALK2	chr15	49447975	49622002	BAE	0.368926602	0.60854583
GALNT10	chr5	153570294	153800543	BAE	0.262276017	0.678626809
GALNT2	chr1	230202955	230417875	BAE	0.249483115	0.610398001
GALNT6	chr12	51745832	51785200	BAE	0.169882839	0.705547898
GALNT7	chr4	174089903	174245118	BAE	0.300913163	0.625904549
GALNTL4	chr11	11292420	11643561	MAE	NA	NA
GAPDHS	chr19	36024313	36036221	BAE	0.518220193	0.5821847
GARNL3	chr9	130026755	130155828	MAE	0.483761199	0.568271881
GARS	chr7	30634180	30673648	BAE	0.228333908	0.934054101
GAS2	chr11	22688159	22834547	MAE	0.605013784	0.470236044
GAS2L3	chr12	100967488	101018685	BAE	0.551085458	0.461965886
GAS6	chr13	114523521	114567046	MAE	0.718642316	0.438059959
GBE1	chr3	81538849	81810950	BAE	0.325379049	0.615049966
GCET2	chr3	111839687	111852152	BAE	NA	NA
GDI2	chr10	5807185	5855512	BAE	0.220925224	0.93956754
GFOD1	chr6	13363586	13487869	BAE	0.262362164	0.677722261
GFPT1	chr2	69546900	69614386	BAE	0.14399552	0.921218125
GHR	chr5	42423876	42721980	MAE	0.68853377	0.304832874
GKAP1	chr9	86354335	86432752	BAE	0.299922467	0.524379738
GMDS	chr6	1624034	2245868	BAE	0.398690558	0.502282908
GNA12	chr7	2767740	2883959	BAE	0.213258098	0.566204342
GNB1L	chr22	19775933	19842462	BAE	0.289929359	0.532089938
GNE	chr9	36214438	36277053	BAE	0.1917643	0.781271537
GNG2	chr14	52327021	52436518	BAE	0.334855272	0.631202619
GNPTAB	chr12	102139274	102224645	BAE	0.188749139	0.703824948
GNS	chr12	65107221	65153226	BAE	0.194133356	0.717522398
GOLPH3L	chr1	150618700	150669672	BAE	0.188835286	0.740222261
GOT2	chr16	58741034	58768246	BAE	0.114963818	0.860182633
GPC5	chr13	92050934	93519487	MAE	0.534588215	0.337655065
GPR125	chr4	22388998	22517672	MAE	0.543892143	0.397139904
GPR158	chr10	25464289	25891157	MAE	0.602170917	0.276318057
GRAP2	chr22	40297085	40367384	MAE	0.454514128	0.753359752
GRB2	chr17	73314156	73401790	BAE	0.202058925	0.8005255
GRIA1	chr5	152870083	153193429	MAE	0.749009304	0.218556168
GRM8	chr7	126078651	126892428	MAE	0.609622674	0.356435217
GTF2A1	chr14	81646393	81687575	BAE	0.339679531	0.865696072
GTF2E1	chr3	120461557	120501916	MAE	0.161268091	0.68681082
GTF2H3	chr12	124118380	124145334	BAE	0.212870434	0.833261544
GUCY1B3	chr4	156680125	156728783	MAE	0.737077877	0.316032047
GYPC	chr2	127413510	127454251	BAE	0.161052722	0.713301172
HACE1	chr6	105175967	105307794	BAE	0.312887664	0.572062371
HBP1	chr7	106809405	106842974	BAE	0.352084769	0.734105789
HDAC4	chr2	239969863	240322643	BAE	0.621984838	0.435518608
HECTD1	chr14	31569323	31676689	BAE	0.28303756	0.930048243
HELB	chr12	66696334	66737423	BAE	0.2106306	0.776533425
HERC3	chr4	89513646	89629686	MAE	0.475577188	0.517531013
HIPK2	chr7	139246315	139477693	BAE	0.379651964	0.652481048
HIRA	chr22	19318223	19419219	BAE	0.207830806	0.902954859
HIVEP3	chr1	41972035	42384378	BAE	0.486259476	0.487508615
HMGB1	chr13	31032878	31040081	BAE	0.486431771	0.862896278
HMGCR	chr5	74632992	74657926	BAE	0.407305307	0.976223294
HNF4G	chr8	76452202	76479061	MAE	0.522829083	0.356909028
HNRPLL	chr2	38790327	38830178	BAE	NA	NA
HS3ST1	chr4	11399987	11430537	MAE	0.541867677	0.462611992
HSD17B12	chr11	43702142	43878169	BAE	0.327705031	0.710673673
HSD17B4	chr5	118788137	118878030	BAE	0.343426947	0.707572364
HSPBAP1	chr3	122458843	122512666	BAE	0.181900414	0.573096141
HSPH1	chr13	31710762	31736117	BAE	0.215497932	0.926171606
IARS	chr9	94972624	95056038	BAE	0.222389731	0.963947278
IBTK	chr6	82879955	82957448	BAE	0.374784631	0.894813921
IDE	chr10	94211440	94333852	BAE	0.302420744	0.816333563
IDH3A	chr15	78441718	78462884	BAE	0.261371468	0.911440386
IFI44L	chr1	79086087	79111830	MAE	0.246812543	0.888395934
IFNAR2	chr21	34602230	34636820	BAE	0.111819435	0.88098725
IGF2R	chr6	160390130	160527583	BAE	0.222045141	0.87775672
IGHMBP2	chr11	68671318	68708069	BAE	0.163637147	0.798974845
IL10RB	chr21	34638671	34669520	BAE	0.166996899	0.791523088
IL17RB	chr3	53880576	53899827	MAE	0.564179876	0.696803928
IL1A	chr2	113531491	113542971	BAE	0.464248794	0.482856651
IL1RL1	chr2	102927961	102968497	MAE	0.888094418	0.178971399
IL6	chr7	22766765	22771621	MAE	0.944908684	0.168547553
ILK	chr11	6624963	6632099	BAE	0.437327705	0.894986216
IMPA2	chr18	11981426	12030885	MAE	0.5582357	0.556211234
INPP1	chr2	191208195	191236391	BAE	0.450982081	0.558106478
INSR	chr19	7112265	7294011	BAE	0.145115438	0.672984149
INVS	chr9	102861510	103063426	BAE	0.319348725	0.640549621
IPO11	chr5	61708572	61924416	BAE	0.34622674	0.681900414
IPO8	chr12	30781914	30848929	BAE	0.278256375	0.758873191
IQCB1	chr3	121488609	121553926	BAE	0.263395934	0.888611303
IQGAP1	chr15	90931472	91045475	BAE	0.177420744	0.852860096
IQGAP2	chr5	75699148	76003957	BAE	0.410535837	0.583304618
IREB2	chr15	78730517	78793798	BAE	0.223208132	0.899810476
ITCH	chr20	32951040	33099198	BAE	0.240049966	0.81710889
ITGA11	chr15	68594041	68724492	MAE	0.835199862	0.192281185
ITGA4	chr2	182321618	182402468	BAE	0.400887319	0.934484838
ITGB3BP	chr1	63906440	63988944	BAE	0.367332874	0.618022054
ITIH5	chr10	7601231	7708961	MAE	0.821459338	0.255728808
ITPK1	chr14	93403258	93582263	MAE	0.173931771	0.611216402
ITPKB	chr1	226819390	226926876	BAE	0.241729841	0.725447967
ITPR1	chr3	4535031	4889524	BAE	0.348681943	0.682804962
ITPR3	chr6	33589155	33664348	BAE	0.147829083	0.828092695
JAG1	chr20	10618331	10654694	MAE	0.594073053	0.659717436
JAK2	chr9	4985244	5128183	BAE	0.325292901	0.761414542
JARID2	chr6	15246526	15522253	BAE	0.255384218	0.660923501
JDP2	chr14	75894508	75939404	MAE	0.314739835	0.898905927
KATNAL1	chr13	30776766	30881584	BAE	0.433149552	0.585716747
KCNAB1	chr3	155838336	156256927	MAE	0.834812198	0.29673501
KCNC3	chr19	50818764	50832634	MAE	0.84829428	0.457960028
KCND3	chr1	112318453	112531777	MAE	0.91884907	0.170270503
KCNIP4	chr4	20730238	21950374	MAE	0.525973467	0.330720193
KCNK1	chr1	233749749	233808258	MAE	0.458003101	0.589937974
KCNN3	chr1	154669941	154842754	BAE	0.308149552	0.687198484
KCNQ3	chr8	133133104	133493004	MAE	0.778557891	0.221442109
KCNQ5	chr6	73331570	73908573	MAE	0.438361475	0.539154032
KCTD1	chr18	24034874	24220308	BAE	0.622372502	0.45154204
KCTD10	chr12	109886459	109915155	BAE	0.074991385	0.828351137
KCTD14	chr11	77726760	77734320	MAE	0.59967264	0.365179187
KDELR2	chr7	6500711	6523849	BAE	0.095839076	0.910665059
KIAA0232	chr4	6784458	6885899	BAE	0.186078567	0.703652653
KIAA0247	chr14	70078309	70181861	BAE	0.270804618	0.764989662
KIAA0391	chr14	35591526	35743284	BAE	0.360182633	0.678454514
KIAA0564	chr13	42140960	42535221	BAE	NA	NA
KIAA1033	chr12	105501491	105562906	BAE	0.322794624	0.912215713
KIAA1407	chr3	113682983	113775460	MAE	0.520847691	0.503532047
KIAA1429	chr8	95500004	95565746	BAE	0.157391454	0.885251551
KIAA1432	chr9	5629118	5776556	BAE	0.563490696	0.838085803
KIAA1524	chr3	108268717	108308491	BAE	0.401404204	0.822406961
KIAA1841	chr2	61293362	61365169	BAE	0.430263611	0.589033425
KIAA1967	chr8	22462144	22477983	BAE	NA	NA
KIAA2026	chr9	5919007	6008003	BAE	0.31318918	0.635036182
KIDINS220	chr2	8868986	8977755	BAE	0.307158856	0.692884218
KIF11	chr10	94352824	94415152	BAE	0.216187112	0.887017574
KIF13B	chr8	28924794	29120610	BAE	0.244098897	0.695080979
KIF17	chr1	20990506	21044317	MAE	0.789326327	0.160234321
KIF1B	chr1	10270763	10441661	BAE	0.360441075	0.603290834
KIF5B	chr10	32297937	32345371	BAE	0.353678498	0.957141626
KLF12	chr13	74260148	74708066	BAE	0.471312888	0.532305307
KLF13	chr15	31619082	31670102	BAE	0.151834941	0.7457357
KLHL20	chr1	173684079	173755840	BAE	0.352386285	0.796433494
KLHL3	chr5	136953188	137071779	BAE	0.3005255	0.6404204
KPNA1	chr3	122140747	122233786	BAE	0.281659201	0.769512405
KPNA3	chr13	50273442	50367057	BAE	0.373793935	0.713042729
KRAS	chr12	25358179	25403854	BAE	0.21028601	0.70119745
KRIT1	chr7	91828282	91875414	BAE	0.345365265	0.906702274
KTN1	chr14	56046924	56151302	BAE	0.286569607	0.814782908
L3MBTL4	chr18	5954704	6414910	MAE	0.590497932	0.465110269
LACTB	chr15	63413998	63434260	BAE	0.312112336	0.666006203
LAIR2	chr19	55014012	55021900	MAE	0.913981737	0.393564783
LANCL2	chr7	55433140	55501435	BAE	0.319908684	0.655108546
LAPTM4B	chr8	98787808	98864830	MAE	0.798845624	0.214937974
LATS2	chr13	21547175	21635722	BAE	0.41079428	0.538421778
LCP1	chr13	46700057	46756459	BAE	0.171648863	0.956064783
LEF1	chr4	108968700	109090112	MAE	0.713990351	0.429315989
LEO1	chr15	52230221	52263958	BAE	0.334682977	0.948742247
LEPREL1	chr3	189674516	189840226	MAE	0.770287733	0.478764645
LIG1	chr19	48618702	48673560	BAE	0.287818746	0.890937285
LIMD1	chr3	45636322	45722755	BAE	0.298414886	0.899035148
LIPA	chr10	90973325	91011660	BAE	0.122372502	0.609105789
LIPC	chr15	58724174	58861073	MAE	0.524681254	0.344159201
LMBR1	chr7	156473569	156685902	BAE	0.381288766	0.653299449
LMCD1	chr3	8543510	8609806	MAE	0.62775672	0.504135079
LMO2	chr11	33880122	33913836	MAE	0.84622674	0.446200896
LMO3	chr12	16701305	16761148	MAE	0.649121296	0.333649207
LMO7	chr13	76194569	76434006	BAE	0.310303239	0.574172984
LOC81691	chr16	20817766	20860990	BAE	0.14537388	0.666049276
LOX	chr5	121398889	121414055	MAE	0.752842867	0.44348725
LPGAT1	chr1	211916798	212004114	BAE	0.231865955	0.77037388
LPHN2	chr1	82266081	82458107	MAE	0.74862164	0.176257753
LPIN1	chr2	11886739	11967533	BAE	0.703437285	0.607339766
LPXN	chr11	58294343	58345639	BAE	0.300353205	0.906917643
LRBA	chr4	151185810	151936649	BAE	0.339722605	0.621597174
LRCH1	chr13	47127295	47327175	BAE	0.220020675	0.711664369
LRIG3	chr12	59265936	59314262	MAE	0.572923846	0.59794969
LRRC18	chr10	50117528	50122280	BAE	0.037732598	0.833692281
LRRFIP1	chr2	238536223	238690290	BAE	0.62004652	0.686078567
LRRFIP2	chr3	37094116	37217851	BAE	0.352730875	0.688318401
LTA4H	chr12	96394530	96437298	BAE	0.35497071	0.621295658
LTBP4	chr19	41099071	41135725	BAE	0.654376292	0.439610613
LUC7L2	chr7	139025104	139108203	BAE	0.247717092	0.858675052
LY75	chr2	160659867	160761267	BAE	0.362250172	0.884519297
LY86	chr6	6588933	6655216	BAE	0.107512061	0.659458994
LYN	chr8	56792385	56925006	BAE	0.126119917	0.857770503
LYPLAL1	chr1	219347191	219386207	MAE	0.375043074	0.654591661
MAGI2	chr7	77646373	79082890	MAE	0.673587181	0.245951068
MALT1	chr18	56338617	56417370	BAE	0.311552378	0.944994831
MAN1A1	chr6	119499266	119670926	BAE	0.350792557	0.588947278
MANBA	chr4	103552642	103682151	BAE	0.310475534	0.718168504
MANEA	chr6	96025372	96057328	BAE	0.347174363	0.617160579
MAP2K5	chr15	67835020	68099455	BAE	0.292858374	0.595020675
MAP3K1	chr5	56110899	56191978	BAE	0.483373535	0.631719504
MAP3K5	chr6	136878186	137113656	BAE	0.207313921	0.877713646
MAP3K7	chr6	91225352	91296907	BAE	0.288766368	0.762749828
MAP3K9	chr14	71194853	71275888	BAE	0.129910407	0.649164369
MAP4	chr3	47892179	48130769	BAE	0.1481306	0.717694693
MAPKAP1	chr9	128199672	128469513	BAE	0.207012405	0.695339421
MAPRE1	chr20	31407698	31438211	BAE	0.159458994	0.939998277
MBD2	chr18	51677970	51751158	BAE	0.200292901	0.876206065
MBNL2	chr13	97874549	98046374	BAE	0.281573053	0.575465196
MBP	chr18	74690788	74844774	BAE	0.275758098	0.739102343
MBTPS1	chr16	84087368	84150517	BAE	0.183838732	0.882107167
MCC	chr5	112357795	112824527	MAE	0.830504824	0.27705031
MCM3AP	chr21	47655047	47705236	BAE	0.128747416	0.959295314
MCOLN2	chr1	85391265	85462796	BAE	0.187241558	0.87741213
MCPH1	chr8	6264112	6501140	BAE	0.327145072	0.710372157
MCTP1	chr5	94042288	94620279	BAE	0.619960372	0.516755686
MDM1	chr12	68688345	68726161	BAE	0.158166782	0.678583735
MDN1	chr6	90353230	90529442	BAE	0.176946933	0.924362509
ME1	chr6	83920109	84140938	MAE	0.528988629	0.565213646
MEF2A	chr15	100106132	100256629	BAE	0.408166782	0.760423846
MEF2B	chr19	19256375	19281098	BAE	0.037603377	0.598725017
METAP1	chr4	99916787	99983960	BAE	0.246209511	0.666264645
MFN2	chr1	12040237	12073572	BAE	0.162603377	0.949560648
MGAT5	chr2	135011829	135212192	BAE	0.246080289	0.860010338
MGLL	chr3	127407904	127542093	BAE	0.126206065	0.757150241
MIB1	chr18	19321544	19450912	BAE	0.253402826	0.69417643
MIER1	chr1	67390577	67454302	BAE	0.228850793	0.84092867
MIPEP	chr13	24304327	24463587	BAE	0.192410407	0.590713301
MKNK1	chr1	47023078	47069966	BAE	0.218771537	0.799405582
MKRN2	chr3	12598593	12625210	BAE	0.140937285	0.772484493
MLH1	chr3	37034840	37092337	BAE	0.237853205	0.940558236
MLL3	chr7	151832009	152133090	BAE	NA	NA
MLL4	chr19	36208920	36229779	BAE	NA	NA
MMP16	chr8	89049459	89339717	MAE	0.538981737	0.274293591
MOCOS	chr18	33767479	33848685	MAE	0.694779462	0.324302205
MON1B	chr16	77224835	77233543	BAE	0.102429359	0.907994487
MPP6	chr7	24613084	24727498	BAE	0.356262922	0.591919366
MPZL1	chr1	167691186	167761156	BAE	0.305565127	0.719977602
MRPL18	chr6	160211491	160219461	BAE	0.075594418	0.855832185
MRPL19	chr2	75873908	75889334	BAE	0.390721916	0.923630255
MRPL21	chr11	68658745	68671303	BAE	0.041264645	0.871683322
MRPL37	chr1	54665839	54684056	BAE	0.048414886	0.851266368
MRPL4	chr19	10362639	10370736	BAE	0.490739145	0.928885252
MRPL40	chr22	19420035	19423596	BAE	0.444262578	0.685217092
MRPL47	chr3	179306254	179322434	BAE	0.135251551	0.906573053
MRPS27	chr5	71515235	71616084	BAE	0.222734321	0.80375603
MRPS31	chr13	41303431	41345347	BAE	0.211750517	0.742849759
MS4A1	chr11	60223281	60238225	BAE	0.313662991	0.918030669
MSI2	chr17	55333930	55757299	BAE	0.191721227	0.707270848
MTA3	chr2	42795670	42936353	BAE	0.385380772	0.64434011
MTAP	chr9	21802634	21865969	BAE	0.375947622	0.816118194
MTERFD2	chr2	242026508	242041747	BAE	0.154548587	0.939825982
MTHFD1L	chr6	151186814	151423023	BAE	0.265291178	0.753575121
MTMR10	chr15	31231143	31283807	BAE	0.192970365	0.790661613
MTMR2	chr11	95566043	95657371	BAE	0.329815644	0.658554445
MTMR3	chr22	30279157	30426857	BAE	0.184614059	0.602515507
MTMR9	chr8	11141999	11185654	BAE	0.410363542	0.854066161
MTPN	chr7	135611502	135662204	BAE	0.266044969	0.76617419
MTR	chr1	236958580	237067281	BAE	0.334381461	0.899422812
MUSTN1	chr3	52867130	52869235	BAE	0.026576499	0.518780152
MVK	chr12	110011499	110035071	BAE	0.302593039	0.896838387
MYB	chr6	135502452	135540311	BAE	0.299534804	0.88029807
MYBL2	chr20	42295708	42345122	BAE	0.051817712	0.767186423
MYH9	chr22	36677322	36784063	BAE	0.140721916	0.939266023
MYO1D	chr17	30819627	31203902	BAE	0.497674018	0.523518263
MYO1E	chr15	59428167	59665071	MAE	0.286957271	0.8518694
MYO6	chr6	76458908	76629254	MAE	0.468513094	0.499009304
N4BP2	chr4	40058523	40159872	BAE	0.175094762	0.609708822
NAALADL2	chr3	174577110	175523428	MAE	0.600663336	0.351567884
NARF	chr17	80416059	80446143	MAE	0.241126809	0.976610958
NAV2	chr11	19372270	20143147	MAE	0.802851482	0.312370779
NBEA	chr13	35516423	36246873	MAE	0.600706409	0.362551688
NCBP2	chr3	196662272	196669464	BAE	0.08494142	0.856779807
NCOA6	chr20	33302577	33413433	BAE	0.241514473	0.747329428
NCOA7	chr6	126102306	126253176	BAE	0.330031013	0.716230186
NDUFA10	chr2	240896788	240964819	BAE	0.243711234	0.902524121
NDUFS4	chr5	52856464	52979171	BAE	0.319434873	0.616428325
NEDD9	chr6	11183530	11382581	BAE	0.273862853	0.76128532
NEK1	chr4	170314420	170533778	BAE	0.37396623	0.645244659
NEK6	chr9	127019884	127114719	BAE	0.1053153	0.926990007
NELL1	chr11	20691116	21597229	MAE	0.615997588	0.28049621
NETO1	chr18	70409548	70534810	MAE	0.620132667	0.336750517
NF1	chr17	29421944	29704695	BAE	0.316333563	0.725491041
NF2	chr22	29999544	30094589	BAE	0.212095107	0.742203653
NFAT5	chr16	69599868	69738569	BAE	0.218642316	0.844073053
NIN	chr14	51186480	51297839	BAE	0.314481392	0.953437285
NINJ2	chr12	673461	772755	BAE	0.451154376	0.499483115
NIPA1	chr15	23043278	23086843	BAE	0.348165059	0.809312543
NKIRAS2	chr17	40169593	40177656	BAE	0.151059614	0.632451757
NLK	chr17	26369687	26523404	BAE	0.31077705	0.600060303
NLN	chr5	65018022	65125111	BAE	0.268134045	0.587353549
NMD3	chr3	160939098	160969795	BAE	0.254996554	0.895115438
NMI	chr2	152126981	152146430	BAE	0.212396623	0.854712267
NMT1	chr17	43138679	43186382	BAE	0.071416265	0.942841144
NOL10	chr2	10710893	10830112	BAE	0.286914197	0.851007926
NOL4	chr18	31431063	31803515	MAE	0.638094418	0.295615093
NOL6	chr9	33461350	33473941	BAE	0.176128532	0.952403515
NOL7	chr6	13615558	13621127	BAE	0.073569952	0.893780152
NOM1	chr7	156742416	156765876	BAE	0.154763956	0.922208822
NPC1	chr18	21111462	21166581	BAE	0.109794969	0.885337698
NPTXR	chr22	39214455	39240017	MAE	0.921562715	0.107339766
NR1H2	chr19	50879679	50886285	BAE	0.29040317	0.96592867
NR1I2	chr3	119499330	119537332	MAE	0.580074087	0.219633012
NR2C1	chr12	95414057	95467404	BAE	0.251206065	0.844374569
NRF1	chr7	129251554	129396922	BAE	0.158597519	0.682417298
NRG2	chr5	139226363	139422884	MAE	0.52705031	0.524724328
NRG3	chr10	83635069	84746935	MAE	0.567970365	0.253359752
NRP2	chr2	206547223	206662857	MAE	0.821631633	0.384734666
NRXN1	chr2	50145642	51259674	MAE	0.641023432	0.236216402
NSUN6	chr10	18834263	18940550	BAE	0.458175396	0.689136802
NT5C3	chr7	33053724	33102409	BAE	NA	NA
NUBPL	chr14	32030590	32330429	BAE	0.402782564	0.529591661
NUCB2	chr11	17298285	17353070	BAE	0.41712612	0.637103722
NUDCD1	chr8	110253147	110346350	BAE	0.404419366	0.718039283
NUDCD3	chr7	44421964	44530385	BAE	0.160492764	0.757064094
NUMB	chr14	73741917	73925286	BAE	0.314309097	0.646795314
NUP133	chr1	229577043	229644088	BAE	0.206883184	0.855918332
NUP153	chr6	17615268	17706818	BAE	0.210199862	0.921088904
NUP210	chr3	13357736	13461809	BAE	0.156702274	0.9571847
NUP93	chr16	56764016	56878861	BAE	0.104023088	0.667039972
NUPL1	chr13	25875665	25916561	BAE	0.352127843	0.920959683
OAS1	chr12	113344738	113357712	MAE	0.348854238	0.970063749
OAS2	chr12	113416273	113449528	BAE	0.377369056	0.977817023
OAS3	chr12	113376248	113411054	BAE	0.193056513	0.764601999
OBFC1	chr10	105637317	105678045	BAE	0.208347691	0.755384218
OCA2	chr15	28000022	28344458	MAE	0.492892833	0.306340455
OGDH	chr7	44646120	44748669	BAE	0.188921433	0.782176085
OPN1SW	chr7	128412542	128415844	BAE	0.071028601	0.694951757
OSBPL3	chr7	24836163	25019760	BAE	0.221097519	0.652136458
OSBPL6	chr2	179059207	179264160	MAE	0.834338387	0.236862509
OTUB2	chr14	94492723	94515276	MAE	0.581064783	0.568099586
OXR1	chr8	107282405	107764921	BAE	0.712525844	0.487422467
P2RX1	chr17	3799884	3819960	MAE	0.543547553	0.410665059
P2RX5	chr17	3576521	3599698	MAE	0.470752929	0.628359752
PACSIN2	chr22	43265771	43411184	BAE	0.119228119	0.719417643
PAK2	chr3	196466727	196559518	BAE	0.213947278	0.84794969
PAN3	chr13	28712642	28869475	BAE	0.357512061	0.766238801
PANK1	chr10	91339253	91405329	BAE	0.228980014	0.622114059
PANX1	chr11	93862093	93915137	BAE	0.232813577	0.614231564
PAPOLA	chr14	96968712	97033453	BAE	0.386586837	0.850361819
PARD3	chr10	34398487	35104253	BAE	0.670528946	0.303540662
PARD6G	chr18	77915116	78005397	MAE	0.832313921	0.380901103
PARVB	chr22	44395090	44565112	BAE	0.207960028	0.843383873
PAX5	chr9	36838530	37034476	BAE	0.193961061	0.911741902
PBK	chr8	27667137	27695349	BAE	0.105444521	0.693659545
PCBD2	chr5	134240809	134298336	BAE	0.004781185	0.045787388
PCBP2	chr12	53845885	53874946	BAE	0.247157133	0.985699518
PCCA	chr13	100741268	101182691	BAE	0.406357684	0.530970021
PCGF2	chr17	36890149	36904558	MAE	0.555651275	0.570597864
PCM1	chr8	17780365	17887457	BAE	0.355530669	0.959726051
PCNXL2	chr1	233119881	233431459	BAE	0.378144383	0.524164369
PCSK1	chr5	95726039	95768985	BAE	0.86164714	0.234148863
PDCD11	chr10	105156411	105206019	BAE	0.192711923	0.96730703
PDCD1LG2	chr9	5510544	5571282	BAE	0.302980703	0.575594418
PDCD6IP	chr3	33840062	33911199	BAE	0.453868022	0.872415575
PDE3B	chr11	14665268	14893604	MAE	0.681986561	0.311337009
PDE7B	chr6	136172833	136516709	MAE	0.771838387	0.164972433
PDE8A	chr15	85523743	85682376	BAE	0.282563749	0.643177119
PDE9A	chr21	44073861	44195618	MAE	0.810518608	0.094029979
PDHX	chr11	34937676	35017675	BAE	0.389085114	0.650930393
PDIA5	chr3	122785855	122880953	MAE	0.084553756	0.778299449
PDIA6	chr2	10923516	10952960	BAE	0.712913508	0.742677464
PDLIM1	chr10	96997329	97050781	BAE	0.136242247	0.935647829
PDXK	chr21	45138977	45182188	BAE	0.15838215	0.828006547
PELI2	chr14	56585092	56768031	MAE	0.821545486	0.163206409
PERP	chr6	138409641	138428660	MAE	0.950637491	0.308063405
PEX14	chr1	10535002	10690815	BAE	0.175654721	0.624095451
PFDN4	chr20	52824501	52836492	BAE	0.067841144	0.638482081
PFKP	chr10	3109711	3178997	BAE	0.099457271	0.965842522
PGGT1B	chr5	114546526	114598569	BAE	0.451068229	0.789972433
PGM1	chr1	64058946	64125916	BAE	0.127627498	0.753747416
PGM3	chr6	83874592	83903655	BAE	0.382279462	0.931986561
PHACTR2	chr6	143929316	144152322	MAE	0.666480014	0.454427981
PHF14	chr7	11013498	11209250	BAE	0.381590283	0.656142316
PHF2	chr9	96338908	96441869	BAE	0.409674363	0.606952102
PHF20	chr20	34359922	34538288	BAE	0.186767746	0.791480014
PHF20L1	chr8	133787603	133861052	BAE	0.490652998	0.801257753
PHF21A	chr11	45950869	46142985	BAE	0.332744659	0.666523088
PHTF2	chr7	77428108	77586821	BAE	0.31146623	0.625818401
PIAS1	chr15	68346571	68480404	BAE	0.375129221	0.824431427
PICALM	chr11	85668213	85780923	BAE	0.39675224	0.868452791
PIGK	chr1	77554666	77685132	BAE	0.363413163	0.521709166
PIGN	chr18	59711457	59854289	BAE	0.409458994	0.601783253
PIGQ	chr16	619967	634136	BAE	0.180651275	0.611388697
PIK3AP1	chr10	98353068	98480279	BAE	0.286268091	0.864834597
PIK3CB	chr3	138371539	138478201	BAE	0.20188663	0.660363542
PIK3R1	chr5	67511583	67597649	BAE	0.168676775	0.703437285
PILRB	chr7	99933687	99965454	BAE	0.112250172	0.830246382
PINX1	chr8	10622883	10697299	BAE	0.234407305	0.744658856
PIP5K1B	chr9	71320615	71624091	BAE	0.467737767	0.589421089
PITPNB	chr22	28247656	28315255	BAE	0.16609235	0.909674363
PITPNC1	chr17	65373923	65689647	MAE	0.436035493	0.617332874
PITRM1	chr10	3179918	3215033	BAE	0.120821847	0.913809442
PKD2	chr4	88928798	88998931	BAE	0.231736733	0.709166092
PKP1	chr1	201252579	201302121	MAE	0.959123019	0.166867677
PKP4	chr2	159313475	159537940	BAE	0.270890765	0.540015507
PLAGL1	chr6	144261436	144385735	BAE	0.527351826	0.509002412
PLCB1	chr20	8113295	8865547	MAE	0.70925224	0.233459683
PLCE1	chr10	95753745	96088148	MAE	0.789929359	0.347088215
PLCG2	chr16	81812898	81991899	BAE	0.165876981	0.948182288
PLCL2	chr3	16926451	17132098	BAE	0.301300827	0.644167815
PLD1	chr3	171318194	171528284	MAE	0.783468298	0.48526878
PLD3	chr19	40854331	40884390	BAE	0.050310131	0.565859752
PLEK	chr2	68592321	68624585	BAE	0.19912991	0.929832874
PLEKHA2	chr8	38758752	38831430	BAE	0.167643005	0.907736044
PLOD2	chr3	145787227	145879282	MAE	0.637232943	0.152481048
PLSCR1	chr3	146232966	146262628	BAE	0.439481392	0.784674363
PLXNC1	chr12	94542498	94701451	BAE	0.161397312	0.81353377
PNOC	chr8	28174648	28200868	BAE	0.091660924	0.579212612
POLE	chr12	133200347	133263945	BAE	0.376981392	0.960329083
POLE4	chr2	75185774	75196859	BAE	0.286871123	0.630944176
POLI	chr18	51795848	51824604	BAE	0.378445899	0.624612336
POLR1B	chr2	113299491	113334727	BAE	0.150715024	0.913206409
POT1	chr7	124462439	124570037	BAE	0.42276878	0.694822536
POU2F3	chr11	120107348	120190653	MAE	0.899164369	0.271795314
PPA1	chr10	71962585	71993190	BAE	0.218082357	0.907176085
PPA2	chr4	106290233	106395227	BAE	0.333692281	0.753402826
PPARGC1B	chr5	149109814	149234585	BAE	0.113068573	0.688361475
PPAT	chr4	57259528	57301802	BAE	0.460199862	0.727429359
PPFIBP2	chr11	7534995	7674996	BAE	0.224069607	0.822708477
PPIG	chr2	170440849	170494254	BAE	0.442841144	0.914929359
PPM1B	chr2	44395999	44461742	BAE	0.267272571	0.727860096
PPP1R16B	chr20	37434347	37551667	BAE	0.103893866	0.859708822
PPP2R2A	chr8	26149006	26230195	BAE	0.322622329	0.800310131
PPP2R5C	chr14	102228134	102394328	BAE	0.38443315	0.670916609
PPP3CA	chr4	101944586	102268628	BAE	0.523345968	0.470365265
PPP4R1	chr18	9546791	9614600	BAE	0.340196416	0.726654032
PPT1	chr1	40538381	40563142	BAE	0.060130944	0.744400414
PRDM2	chr1	14026734	14151574	BAE	0.151102688	0.732770503
PREP	chr6	105725441	105850999	MAE	0.32585286	0.743065127
PREPL	chr2	44544747	44589001	BAE	0.166867677	0.720709855
PREX1	chr20	47240792	47444420	BAE	0.14330634	0.853506203
PRKAA1	chr5	40759480	40798297	BAE	0.233115093	0.690084425
PRKAR1A	chr17	66508109	66528910	BAE	0.458821502	0.617677464
PRKAR2A	chr3	48788092	48885270	BAE	0.115265334	0.606650586
PRKCA	chr17	64298925	64806862	MAE	0.770890765	0.33356306
PRKCH	chr14	61788514	62017698	MAE	0.289326327	0.680780496
PRKD1	chr14	30045686	30396899	MAE	0.589291868	0.307374225
PRPF18	chr10	13628938	13672868	BAE	0.337008959	0.756633356
PRPF4	chr9	116037913	116055185	MAE	0.116126809	0.918547553
PRPSAP2	chr17	18759611	18834599	BAE	0.121898691	0.891626465
PSAP	chr10	73576054	73611082	BAE	0.381116471	0.898044452
PSMC1	chr14	90722893	90738966	BAE	0.118969676	0.933020331
PSMD1	chr2	231921577	232037540	BAE	0.201800482	0.79880255
PSMD11	chr17	30771501	30808042	BAE	0.232210544	0.964421089
PSMD13	chr11	236807	252984	BAE	0.306038939	0.937672295
PSMD14	chr2	162164785	162268228	BAE	0.414584769	0.782606823
PSMD5	chr9	123578331	123605206	MAE	0.466100965	0.831753963
PSMD9	chr12	122326645	122355771	BAE	0.107038249	0.802248449
PSME4	chr2	54091203	54197977	BAE	0.178971399	0.865265334
PTBP2	chr1	97187174	97280605	BAE	0.281400758	0.767703308
PTDSS1	chr8	97274166	97346774	BAE	0.13662991	0.875646106
PTGFRN	chr1	117452688	117532972	MAE	0.888266713	0.276878015
PTK2	chr8	141668480	142011412	MAE	0.782563749	0.444348725
PTK2B	chr8	27168998	27316908	BAE	0.160923501	0.905970021
PTPN9	chr15	75759461	75871625	MAE	0.099155755	0.709381461
PTPRA	chr20	2844840	3019315	BAE	0.220063749	0.731133701
PTPRC	chr1	198608136	198726545	BAE	0.431641971	0.762835975
PTPRS	chr19	5205518	5340814	MAE	0.677506892	0.338430393
PUM2	chr2	20448452	20527144	BAE	0.316850448	0.927205376
QDPR	chr4	17488015	17513857	BAE	0.369745003	0.711750517
RAB14	chr9	123940414	123964365	BAE	0.374913853	0.839119573
RAB20	chr13	111175412	111214071	MAE	0.521019986	0.543892143
RAB27A	chr15	55495163	55582013	BAE	0.460845968	0.564481392
RAB28	chr4	13369346	13485989	BAE	0.375172295	0.572105445
RAB30	chr11	82692477	82782884	BAE	0.319047209	0.607167471
RAB31	chr18	9708227	9862553	MAE	0.615006892	0.494314266
RAB35	chr12	120532898	120554643	BAE	0.077748105	0.905194693
RAB36	chr22	23487512	23506531	MAE	0.521881461	0.395632323
RABGAP1L	chr1	174128551	174927327	BAE	0.423371813	0.666221571
RABL3	chr3	120405527	120461384	BAE	0.212052033	0.629781185
RAD18	chr3	8918879	9005159	BAE	0.2148949	0.712655065
RAD23B	chr9	110045516	110094475	BAE	0.336879738	0.918719848
RAD54B	chr8	95384187	95487343	BAE	0.242462095	0.740825293
RAD9A	chr11	67159422	67165883	BAE	0.094546864	0.81318918
RAF1	chr3	12625099	12705700	BAE	0.128230531	0.759002412
RALBP1	chr18	9475529	9538106	MAE	0.246554101	0.699732943
RALGPS1	chr9	129677052	129985445	BAE	0.497717092	0.435389387
RALGPS2	chr1	178694299	178889237	BAE	0.624526189	0.482727429
RALY	chr20	32581457	32670991	BAE	0.244400414	0.773259821
RAP1A	chr1	112162404	112256101	BAE	0.225663336	0.815515162
RAP2A	chr13	98086474	98120252	BAE	0.290704686	0.639171261
RAP2B	chr3	152880028	152886263	MAE	0.419710544	0.594589938
RAPGEF1	chr9	134452156	134612925	BAE	0.142315644	0.818271881
RAPGEF6	chr5	130759613	130970929	BAE	0.325594418	0.817841144
RASSF2	chr20	4760669	4804291	BAE	0.137017574	0.783899035
RASSF3	chr12	65004292	65091347	BAE	0.148345968	0.702015851
RB1	chr13	48877882	49056026	BAE	0.429660579	0.630427292
RBBP6	chr16	24550907	24584183	BAE	0.261156099	0.935389387
RBL2	chr16	53468350	53525560	BAE	0.165360096	0.830590972
RBM25	chr14	73525220	73588076	BAE	0.158812888	0.954341833
RBMS3	chr3	29322802	30051886	MAE	0.627239835	0.390118884
RCL1	chr9	4792833	4861064	BAE	0.29315989	0.771019986
REPS1	chr6	139225619	139309398	BAE	0.32412991	0.692195038
RERE	chr1	8412463	8877699	BAE	0.280323915	0.622329428
REXO1	chr19	1815244	1848452	BAE	0.113800827	0.837482771
RFFL	chr17	33336130	33416348	BAE	0.20257581	0.687026189
RFT1	chr3	53122500	53164470	BAE	0.164584769	0.895589249
RGL1	chr1	183605207	183897666	BAE	0.374095451	0.643866299
RGS6	chr14	72398816	73033238	MAE	0.654031702	0.438447622
RHOH	chr4	40198526	40246281	BAE	0.131116471	0.796648863
RHOT1	chr17	30469472	30552746	BAE	0.357425913	0.682675741
RIC3	chr11	8127596	8190590	MAE	0.54604583	0.532133012
RIC8B	chr12	107168398	107283094	BAE	0.33080634	0.709295314
RIF1	chr2	152266396	152333860	BAE	0.209855272	0.947450034
RIN3	chr14	92980124	93155334	BAE	0.551946933	0.528170227
RIOK2	chr5	96496570	96519005	BAE	0.261414542	0.885122329
RNASET2	chr6	167343003	167370077	BAE	0.074302205	0.894081668
RND3	chr2	151324706	151344209	MAE	0.878230531	0.199646795
RNF103	chr2	86830515	86851000	BAE	0.259777739	0.726438663
RNF122	chr8	33405272	33424643	BAE	0.071890076	0.707916954
RNF4	chr4	2470794	2517586	BAE	0.204298759	0.955031013
RNGTT	chr6	89319988	89673348	BAE	0.394038594	0.66919366
ROBO1	chr3	78646387	79817059	MAE	0.561595451	0.343297726
ROBO2	chr3	77089293	77699114	MAE	0.536225017	0.245821847
ROCK2	chr2	11321777	11484711	BAE	0.386931427	0.635854583
RORA	chr15	60780482	61521502	BAE	0.745434183	0.452532736
RPA2	chr1	28218048	28241236	BAE	0.068874914	0.888266713
RPA3	chr7	7676574	7758238	BAE	0.375990696	0.5428153
RPH3A	chr12	113229548	113336684	MAE	0.90769297	0.219159201
RPL13	chr16	89627064	89633237	BAE	0.358330462	0.904031702
RPL26	chr17	8280833	8286565	BAE	0.368538939	0.924879394
RPL5	chr1	93297593	93307481	BAE	0.081969331	0.905022398
RPN1	chr3	128338812	128369719	BAE	0.067754997	0.932374225
RPS9	chr19	54704725	54711515	BAE	0.037991041	0.827317367
RREB1	chr6	7107829	7252213	BAE	0.200422123	0.858373535
RSBN1L	chr7	77325742	77409120	BAE	0.122717092	0.689696761
RSRC1	chr3	157827891	158262576	BAE	0.390032736	0.555780496
RSU1	chr10	16632616	16859453	BAE	0.296993453	0.584726051
RTN4	chr2	55199326	55277734	BAE	0.259519297	0.616557547
RTTN	chr18	67671042	67872962	BAE	0.295658167	0.759045486
RUNX1	chr21	36160097	36421595	BAE	0.734708822	0.522829083
RWDD1	chr6	116892582	116914436	BAE	0.222906616	0.795055134
RYK	chr3	133875977	133969586	BAE	0.412517229	0.584639904
SAE1	chr19	47634079	47713893	BAE	0.058063405	0.897398346
SAMD12	chr8	119201694	119634184	MAE	0.477515507	0.577834252
SAMD8	chr10	76871392	76941881	BAE	0.219977602	0.743022054
SAMSN1	chr21	15857548	15955723	BAE	0.432115782	0.675094762
SAP130	chr2	128698790	128784869	BAE	0.16643694	0.880427292
SASH1	chr6	148663728	148873184	MAE	0.850706409	0.321071675
SCARB1	chr12	125262173	125348519	BAE	0.067625775	0.773733632
SCFD2	chr4	53739150	54232242	BAE	0.368754307	0.574776017
SCMH1	chr1	41492870	41707815	BAE	0.385294624	0.714507236
SCTR	chr2	120197418	120282028	MAE	0.768047898	0.126852171
SCYL3	chr1	169821803	169863076	BAE	0.447450034	0.942195038
SDAD1	chr4	76871067	76912113	BAE	0.138266713	0.908683666
SEC24D	chr4	119643977	119757326	BAE	0.202015851	0.902308753
SEC61A1	chr3	127771211	127790526	BAE	0.235096485	0.969288422
SELL	chr1	169659805	169680843	BAE	0.350318746	0.578221916
SEMA4D	chr9	91975705	92094611	BAE	0.175697795	0.853549276
SEMA6A	chr5	115779250	115910551	BAE	0.575939008	0.499440041
SENP3	chr17	7465308	7475287	BAE	0.279160924	0.894943143
SENP5	chr3	196594726	196661584	BAE	0.452705031	0.568702619
SENP6	chr6	76311621	76427994	BAE	0.343340799	0.841100965
SERP1	chr3	150259779	150264428	BAE	0.017272571	0.58115093
SERPINB6	chr6	2948392	2972399	MAE	0.950422123	0.130168849
SERPINB9	chr6	2887499	2903546	BAE	0.662818746	0.584467609
SESN3	chr11	94906132	94964246	MAE	0.884648518	0.388912819
SETBP1	chr18	42260862	42648475	MAE	0.60600448	0.545485872
SETDB1	chr1	150898814	150937220	BAE	0.190730531	0.928109924
SF3B3	chr16	70557690	70611571	BAE	0.141755686	0.972863542
SFMBT1	chr3	52937582	53080089	BAE	0.184657133	0.592005513
SGOL2	chr2	201390864	201448818	BAE	0.245821847	0.66884907
SGPP2	chr2	223289321	223423617	BAE	0.340110269	0.680909717
SHCBP1	chr16	46614467	46655311	BAE	0.266798759	0.904979325
SHMT1	chr17	18231186	18266856	BAE	0.077145072	0.815170572
SIDT1	chr3	113251217	113348422	BAE	0.270546175	0.898432116
SIGLEC5	chr19	52114755	52133727	MAE	0.737723983	0.519986216
SIL1	chr5	138282409	138534065	BAE	0.227817023	0.636457615
SIN3A	chr15	75661719	75748124	BAE	0.123923156	0.886888353
SIPA1L1	chr14	71996041	72206120	BAE	0.22790317	0.764645072
SLAMF1	chr1	160579890	160617081	BAE	0.204901792	0.899508959
SLAMF6	chr1	160454819	160493052	BAE	0.173759476	0.81215541
SLC12A6	chr15	34522196	34630265	BAE	0.251938318	0.832012405
SLC15A4	chr12	129277738	129308541	BAE	0.134691592	0.904634735
SLC16A7	chr12	60083125	60175408	BAE	0.425999311	0.568745693
SLC19A2	chr1	169433148	169455208	BAE	0.45050827	0.582012405
SLC1A4	chr2	65215578	65251000	BAE	0.374698484	0.900585803
SLC23A2	chr20	4833001	4990939	BAE	0.517703308	0.576240524
SLC25A17	chr22	41165638	41215392	BAE	0.107899724	0.82055479
SLC25A26	chr3	66119284	66429351	BAE	0.556297381	0.539498622
SLC29A3	chr10	73079009	73123147	MAE	0.490782219	0.502799793
SLC30A5	chr5	68389775	68426899	BAE	0.357856651	0.933494142
SLC30A9	chr4	41992522	42089551	BAE	0.240179187	0.716316334
SLC31A1	chr9	115983807	116026772	BAE	0.289972433	0.633528601
SLC35A1	chr6	88182642	88222057	BAE	0.3202102	0.689266023
SLC35D1	chr1	67465014	67520080	BAE	0.205375603	0.694090283
SLC35E3	chr12	69139935	69159853	BAE	0.257064094	0.728850793
SLC35F2	chr11	107661716	107729914	BAE	0.186509304	0.705978635
SLC35F5	chr2	114471932	114514400	BAE	0.336362853	0.756461061
SLC36A4	chr11	92880849	92931095	BAE	0.446114748	0.58287388
SLC37A1	chr21	43919741	44001550	BAE	0.309872502	0.700766713
SLC38A2	chr12	46751970	46766645	BAE	0.498320124	0.981133701
SLC38A4	chr12	47158543	47219780	BAE	0.688792212	0.390808063
SLC39A10	chr2	196521531	196602426	BAE	0.330117161	0.56146623
SLC39A11	chr17	70642084	71088853	BAE	0.274681254	0.606521365
SLC39A8	chr4	103172197	103266410	BAE	0.204815644	0.609450379
SLC3A1	chr2	44502596	44547962	BAE	0.640808063	0.510208477
SLC41A1	chr1	205758220	205782161	MAE	0.811423156	0.450422123
SLC4A4	chr4	72053002	72437804	MAE	0.755254997	0.281099242
SLC7A1	chr13	30083550	30169825	BAE	0.264558925	0.859407305
SLC7A11	chr4	139085247	139163503	BAE	0.278687112	0.580720193
SLC7A6OS	chr16	68334517	68344868	BAE	0.089162646	0.880470365
SLC8A3	chr14	70510933	70655787	MAE	0.857598208	0.243452791
SLC9A9	chr3	142984063	143567373	BAE	0.437198484	0.483718125
SLCO4C1	chr5	101569691	101632253	MAE	0.606305996	0.266712612
SLCO5A1	chr8	70584567	70747299	BAE	0.447019297	0.587267402
SLIT3	chr5	168093070	168728133	MAE	0.872458649	0.170141282
SMAD2	chr18	45359465	45457515	BAE	0.24931082	0.708390765
SMAD5	chr5	135468535	135518422	BAE	0.517143349	0.696631633
SMAP1	chr6	71377478	71571716	BAE	0.311035493	0.569779462
SMARCA2	chr9	2015341	2193623	BAE	0.319564094	0.963602688
SMARCAD1	chr4	95128758	95212443	BAE	0.414757064	0.887362164
SMARCE1	chr17	38783975	38804103	BAE	0.455978635	0.956753963
SMEK2	chr2	55775513	55844796	BAE	0.305866644	0.91079428
SMPD3	chr16	68392229	68482409	BAE	0.688275327	0.285621985
SMYD3	chr1	245912641	246670644	BAE	0.393866299	0.494788077
SMYD4	chr17	1682828	1733175	BAE	0.10290317	0.806082012
SNAP29	chr22	21213291	21245501	BAE	0.11625603	0.720752929
SNCA	chr4	90645249	90759447	MAE	0.73561337	0.26266368
SNX13	chr7	17830384	17980131	BAE	0.41747071	0.61164714
SNX19	chr11	130745765	130786382	BAE	0.256934873	0.905797726
SNX5	chr20	17922243	17949490	BAE	0.117203653	0.89778601
SOAT1	chr1	179262848	179327814	BAE	0.317539628	0.788421778
SOCS5	chr2	46926098	46989927	BAE	0.369055824	0.532649897
SORBS2	chr4	186506597	186877870	MAE	0.760036182	0.370994142
SORCS3	chr10	106400858	107024993	MAE	0.718728463	0.22824776
SORL1	chr11	121322911	121504471	BAE	0.291006203	0.937543074
SOS2	chr14	50583845	50698099	BAE	0.256202619	0.649767402
SOX6	chr11	15987994	16497935	MAE	0.701455892	0.218125431
SP100	chr2	231280870	231410317	BAE	0.412603377	0.916523088
SP110	chr2	231033644	231084827	BAE	0.183752584	0.94589938
SP140	chr2	231090444	231177930	BAE	0.522699862	0.842866988
SPAG16	chr2	214149115	215275225	BAE	0.612939352	0.342823915
SPAG5	chr17	26904582	26926056	BAE	0.057331151	0.869098897
SPCS3	chr4	177241089	177253396	BAE	0.323699173	0.773604411
SPG20	chr13	36875774	36944317	MAE	0.62224328	0.520287733
SPG7	chr16	89574804	89624174	BAE	0.142660234	0.902007236
SPON1	chr11	13984183	14289679	BAE	0.792039972	0.218168504
SPOP	chr17	47676245	47755525	BAE	0.122630944	0.778730186
SPPL3	chr12	121200312	121342155	BAE	0.22157133	0.647182977
SPSB1	chr1	9352940	9429590	MAE	0.716402481	0.253058236
SPTLC2	chr14	77972339	78083110	MAE	0.387749828	0.738197795
SQSTM1	chr5	179233387	179265077	BAE	0.301516196	0.828695727
SRGAP2	chr1	206516199	206637783	BAE	0.486948656	0.552377671
SSBP2	chr5	80713178	81047072	BAE	0.338215024	0.654160924
SSBP3	chr1	54692194	54872092	BAE	0.193314955	0.682718815
ST3GAL1	chr8	134467090	134584183	BAE	0.618108201	0.51128532
ST3GAL6	chr3	98451571	98513236	MAE	0.596399035	0.565988973
ST6GAL1	chr3	186648314	186796341	BAE	0.187629221	0.820813232
ST6GALNAC5	chr1	77333185	77529737	MAE	0.778600965	0.309097174
ST7	chr7	116593380	116870075	BAE	0.305349759	0.683752584
ST7L	chr1	113066140	113162040	BAE	0.365351482	0.602644728
ST8SIA4	chr5	100142638	100238987	BAE	0.361948656	0.788723294
STAM	chr10	17686123	17758821	BAE	0.252455203	0.676516196
STAM2	chr2	152973314	153032506	BAE	0.151188835	0.669882839
STARD13	chr13	33677271	34250932	MAE	0.509863887	0.48699173
STARD3NL	chr7	38217807	38270272	BAE	0.383916265	0.809269469
STAT3	chr17	40465342	40540513	BAE	0.073828394	0.794925913
STAU2	chr8	74332603	74659162	BAE	0.394426258	0.576714335
STEAP2	chr7	89840999	89866992	MAE	0.839162646	0.205203308
STEAP3	chr2	119981383	120023227	BAE	0.18185734	0.552937629
STIM1	chr11	3876932	4114440	BAE	0.17449173	0.630685734
STK10	chr5	171469073	171615346	BAE	0.230272226	0.900628877
STK17B	chr2	196998306	197036336	BAE	0.280582357	0.904419366
STK24	chr13	99102454	99229396	BAE	0.16712612	0.741428325
STK3	chr8	99466858	99954799	BAE	0.436293935	0.551602343
STK38L	chr12	27397077	27478890	BAE	0.287991041	0.814266023
STK39	chr2	168810529	169104105	MAE	0.871123363	0.198096141
STX7	chr6	132778662	132834337	BAE	0.35565989	0.870563405
STXBP5	chr6	147525493	147711612	BAE	0.407520675	0.625775327
STXBP6	chr14	25281305	25519095	MAE	0.69658856	0.381417988
STYXL1	chr7	75625654	75677321	BAE	0.158942109	0.707400069
SUCLG2	chr3	67410883	67705038	BAE	0.377325982	0.651231909
SUFU	chr10	104263718	104393214	BAE	0.340325637	0.601912474
SUMF1	chr3	4402828	4508966	BAE	0.372329428	0.57124397
SUSD1	chr9	114803060	114937556	BAE	0.215024121	0.514343556
SUV420H1	chr11	67923506	67980784	BAE	0.16079428	0.666609235
SUZ12	chr17	30264043	30328057	BAE	0.171778084	0.930651275
SV2A	chr1	149874871	149889434	MAE	0.699388353	0.472648174
SVIL	chr10	29746276	30024730	MAE	0.706280152	0.291609235
SYK	chr9	93564011	93660842	BAE	0.466014817	0.712741213
SYNE2	chr14	64319682	64693167	BAE	0.24758787	0.791738456
SYNGAP1	chr6	33387846	33421466	BAE	0.538637147	0.612250172
SYVN1	chr11	64894750	64902003	BAE	0.122157133	0.842737767
TACC1	chr8	38585703	38710546	BAE	0.521450724	0.69658856
TAF4B	chr18	23806408	23971650	BAE	0.376938318	0.655237767
TAOK1	chr17	27717942	27878921	BAE	0.204083391	0.817884218
TAOK2	chr16	29985187	30003582	BAE	0.109536527	0.850835631
TAOK3	chr12	118587605	118810750	BAE	0.305780496	0.747157133
TARBP1	chr1	234527058	234614849	BAE	0.330461751	0.769727774
TASP1	chr20	13370035	13619583	BAE	0.325422123	0.577360441
TBC1D1	chr4	37892704	38140796	BAE	0.225921778	0.698354583
TBC1D22A	chr22	47158517	47571342	BAE	0.185389387	0.804359063
TBC1D4	chr13	75858808	76056250	MAE	0.483804273	0.555737422
TBC1D5	chr3	17198653	17784240	BAE	0.385208477	0.597648174
TBCA	chr5	76986994	77072185	BAE	0.324689869	0.694262578
TBCD	chr17	80709939	80901062	BAE	0.150413508	0.708433839
TBL1XR1	chr3	176738541	176915048	BAE	0.310518608	0.717350103
TCERG1	chr5	145826872	145891069	BAE	0.295830462	0.922251895
TCF12	chr15	57210832	57580714	BAE	0.360484149	0.629393522
TCF4	chr18	52889561	53303188	BAE	0.706753963	0.548414886
TCL1A	chr14	96176303	96180533	MAE	0.447536182	0.624956926
TCP1	chr6	160199529	160210735	BAE	0.303669883	0.922984149
TCP11L1	chr11	33060962	33095109	BAE	0.119831151	0.765334252
TEAD1	chr11	12695968	12966284	MAE	0.846312888	0.17518091
TEC	chr4	48137799	48271814	BAE	0.369917298	0.777351826
TESK2	chr1	45809554	45956840	BAE	0.37741213	0.503359752
TEX10	chr9	103064356	103115259	BAE	0.236431771	0.880556513
TFB1M	chr6	155577263	155635617	BAE	0.259045486	0.869185045
TFG	chr3	100428133	100467811	BAE	0.275370434	0.936509304
TGDS	chr13	95226307	95248511	BAE	0.248535493	0.874698484
THADA	chr2	43457974	43823185	BAE	0.262835975	0.645761544
THUMPD3	chr3	9404716	9428475	MAE	0.257279462	0.941850448
TIAM2	chr6	155411422	155578857	BAE	0.58851654	0.510682288
TICAM2	chr5	114914338	114938176	BAE	0.454384907	0.617246726
TIRAP	chr11	126152981	126164828	MAE	0.188404549	0.691936595
TJP2	chr9	71736179	71870124	BAE	0.490136113	0.613327016
TLE4	chr9	82186877	82341656	BAE	0.315127498	0.62327705
TLK2	chr17	60556385	60692841	BAE	0.268607857	0.885639214
TLR6	chr4	38825328	38858438	BAE	0.414627843	0.731392143
TM9SF2	chr13	100153727	100215276	BAE	0.238283942	0.852386285
TMED3	chr15	79603490	79615189	BAE	0.226438663	0.914670917
TMED4	chr7	44618761	44621827	BAE	0.462224328	0.808149552
TMEM33	chr4	41937136	41962824	BAE	0.359450379	0.785062026
TMEM41B	chr11	9302200	9336315	BAE	0.147570641	0.602817023
TMEM48	chr1	54231133	54304225	BAE	NA	NA
TMOD2	chr15	52043757	52108558	BAE	0.445727085	0.52808408
TMOD3	chr15	52121824	52204331	BAE	0.209295314	0.765980358
TMPRSS3	chr21	43791995	43816955	MAE	0.465713301	0.46455031
TNFRSF10B	chr8	22877647	22926700	BAE	0.410621985	0.925396278
TNFSF11	chr13	43136871	43182149	MAE	0.402093384	0.606909028
TNIK	chr3	170780291	171178197	BAE	0.290446244	0.796476568
TNKS2	chr10	93558150	93625232	BAE	0.321631633	0.867892833
TNPO1	chr5	72112417	72210215	BAE	0.312543074	0.819779462
TNPO3	chr7	128594233	128695227	BAE	0.23423501	0.919710544
TOM1L1	chr17	52978051	53039328	MAE	0.517789456	0.61233632
TP53INP1	chr8	95938199	95961615	BAE	0.388223639	0.684570986
TPD52	chr8	80947104	81083836	BAE	0.131891799	0.690213646
TPP2	chr13	103249285	103331523	BAE	0.167729152	0.921304273
TPR	chr1	186280785	186344457	BAE	0.25598725	0.959553756
TRA2A	chr7	23544400	23571656	BAE	0.322320813	0.936983115
TRAF3IP3	chr1	209929393	209955668	BAE	0.349801861	0.773992074
TRAF5	chr1	211499956	211548286	BAE	0.077705031	0.694219504
TRIM14	chr9	100831568	100881488	BAE	0.066118194	0.766023432
TRIM22	chr11	5710816	5732093	BAE	0.204471054	0.967694693
TRIM35	chr8	27142403	27168834	BAE	0.221528256	0.812801516
TRIM38	chr6	25963070	25985352	BAE	0.248449345	0.96097519
TRIO	chr5	14143828	14509458	BAE	0.231262922	0.788034114
TRPA1	chr8	72933485	72987819	BAE	0.508959338	0.523862853
TRPC4AP	chr20	33590206	33680618	BAE	0.304057547	0.900068918
TRPM2	chr21	45773483	45862964	MAE	0.494400414	0.580978635
TRPS1	chr8	116420723	116681228	MAE	0.625559959	0.355487595
TRRAP	chr7	98476112	98610866	BAE	0.25736561	0.971958994
TSEN2	chr3	12525930	12574820	BAE	0.257193315	0.800827016
TSSC1	chr2	3192740	3381653	BAE	0.371424879	0.727170917
TTC12	chr11	113185250	113237114	BAE	0.395416954	0.649552033
TTC21B	chr2	166729871	166810348	BAE	0.387965196	0.778600965
TTC3	chr21	38445570	38575408	BAE	0.165230875	0.78269297
TTC7A	chr2	47168312	47303275	BAE	0.125301516	0.790489318
TTC9C	chr11	62495951	62506108	BAE	0.490868367	0.963042729
TTN	chr2	179390716	179672150	BAE	0.428928325	0.592780841
TULP4	chr6	158733691	158932856	BAE	0.308278773	0.637792901
TXK	chr4	48068409	48136273	BAE	0.393694004	0.560561682
TXNDC5	chr6	7881482	7911047	BAE	0.238628532	0.959209166
UAP1	chr1	162531295	162569633	BAE	0.155065472	0.708476912
UBA2	chr19	34919267	34960798	BAE	0.173544108	0.946287043
UBAP1	chr9	34179002	34252521	BAE	0.236560992	0.735182633
UBAP2	chr9	33921690	34048947	BAE	0.202101999	0.861001034
UBE2D3	chr4	103717132	103790032	BAE	0.362293246	0.75
UBE2E1	chr3	23847383	23933131	BAE	0.281443832	0.745563405
UBE2E2	chr3	23244783	23632296	BAE	0.406142316	0.529677808
UBE2G1	chr17	4172511	4269969	BAE	0.18922295	0.822923846
UBE2H	chr7	129470572	129592800	BAE	0.212568918	0.74724328
UBE2R2	chr9	33817181	33920401	BAE	0.148389042	0.734062715
UBE3B	chr12	109915438	109974507	BAE	0.107425913	0.787775672
UBE3C	chr7	156931654	157062066	BAE	0.149552033	0.857899724
UBL3	chr13	30338544	30424820	MAE	0.439739835	0.531702274
UBP1	chr3	33429828	33481897	BAE	0.162344935	0.875732254
UBQLN1	chr9	86274877	86323168	BAE	0.300439352	0.831064783
UBR2	chr6	42531759	42661243	BAE	0.211104411	0.811035493
UCHL3	chr13	76123926	76180068	BAE	0.400758098	0.820425569
UCK2	chr1	165796731	165880855	BAE	0.277954859	0.660406616
UGP2	chr2	64068097	64118696	BAE	0.111001034	0.743538939
UHRF2	chr9	6413150	6507051	BAE	0.278299449	0.85462612
UMPS	chr3	124449212	124468119	BAE	0.05754652	0.785535837
UPF2	chr10	11962020	12085169	BAE	0.183623363	0.891066506
USH2A	chr1	215796235	216596738	MAE	0.66113887	0.231435217
USP10	chr16	84733554	84813527	BAE	0.169236733	0.839636458
USP13	chr3	179370932	179507189	BAE	0.183451068	0.674922467
USP15	chr12	62654120	62803501	BAE	0.382925569	0.847648174
USP33	chr1	78161673	78225537	BAE	0.376249139	0.797294969
USP34	chr2	61414589	61697849	BAE	0.293461406	0.828135768
USP37	chr2	219314973	219433084	BAE	0.211405927	0.883270159
USP4	chr3	49314576	49377536	BAE	0.166221571	0.966919366
USP6NL	chr10	11502508	11653679	BAE	0.254307374	0.68922295
USP7	chr16	8985950	9057341	BAE	0.247674018	0.873449345
UST	chr6	149068270	149398126	MAE	0.79005858	0.406573053
UTRN	chr6	144612872	145174170	BAE	0.474457271	0.640463473
UXS1	chr2	106709758	106810795	BAE	0.160191247	0.709682977
VAPA	chr18	9913954	9960018	BAE	0.394900069	0.826025155
VASH1	chr14	77228234	77249363	MAE	0.768737078	0.527136458
VGLL4	chr3	11597543	11762220	BAE	0.348337354	0.626464507
VPS13C	chr15	62144589	62352664	BAE	0.242246726	0.784631289
VPS54	chr2	64119666	64246214	BAE	0.283252929	0.689825982
VTI1A	chr10	114206755	114578504	BAE	0.36268091	0.582141626
WAC	chr10	28821421	28912041	BAE	0.261026878	0.943444176
WARS2	chr1	119573838	119683295	BAE	0.286009649	0.515937285
WBP11	chr12	14939411	14956401	BAE	0.322234666	0.954944866
WBP4	chr13	41635696	41658139	BAE	0.271235355	0.807848036
WDFY3	chr4	85590692	85887544	MAE	0.657391454	0.225534114
WDHD1	chr14	55405655	55493819	BAE	0.20016368	0.792643005
WDR36	chr5	110427869	110466200	BAE	0.270201585	0.857296692
WDR37	chr10	1102775	1178237	BAE	0.149422812	0.853075465
WDR41	chr5	76728068	76788332	BAE	0.350275672	0.768090972
WDR47	chr1	109512837	109584850	BAE	0.217350103	0.696674707
WDR53	chr3	196281058	196295413	MAE	0.239877671	0.627972088
WDR62	chr19	36545782	36596012	BAE	0.060346313	0.824259132
WDR7	chr18	54318615	54697036	BAE	0.347906616	0.530883873
WDR70	chr5	37379411	37752774	BAE	0.323914542	0.597691247
WDR77	chr1	111982511	111991830	BAE	0.504651964	0.981779807
WNK1	chr12	862088	1020618	BAE	0.243625086	0.853850793
WNT10A	chr2	219745254	219758651	BAE	0.339076499	0.69279807
WRN	chr8	30890777	31031277	BAE	0.345666782	0.684312543
WSB2	chr12	118470491	118498951	BAE	0.068271881	0.818185734
WTAP	chr6	160148151	160177351	BAE	0.333476912	0.914886285
WWOX	chr16	78133326	79246564	BAE	0.618194349	0.383140937
WWP1	chr8	87354993	87480178	BAE	0.366772915	0.723165059
XPNPEP1	chr10	111624523	111683311	BAE	0.20360958	0.858761199
XPO1	chr2	61705068	61765418	BAE	0.293073742	0.958089249
XPO6	chr16	28109315	28223190	BAE	0.254350448	0.945813232
XRCC2	chr7	152343586	152373250	BAE	0.119314266	0.710458305
XRCC4	chr5	82373316	82649579	BAE	0.368969676	0.517057202
XRCC5	chr2	216974019	217071016	BAE	0.142272571	0.966833218
XYLT1	chr16	17196180	17564738	MAE	0.585113715	0.523604411
YARS	chr1	33240839	33283633	BAE	0.14145417	0.95856306
YEATS4	chr12	69753531	69784576	BAE	0.345494487	0.897527567
YES1	chr18	721591	812327	MAE	0.556254307	0.568530324
YLPM1	chr14	75230068	75304013	BAE	0.322536182	0.85497071
YPEL2	chr17	57409052	57479095	MAE	0.544107512	0.491859063
YWHAE	chr17	1247833	1303556	BAE	0.284674363	0.864403859
YWHAQ	chr2	9724105	9771106	BAE	0.101998622	0.692367333
ZAK	chr2	173940564	174132737	BAE	0.415446244	0.58494142
ZBTB1	chr14	64971291	65000408	BAE	0.282822192	0.732512061
ZBTB20	chr3	114056946	114866127	BAE	0.506374914	0.463430393
ZC3H11A	chr1	203764750	203823256	BAE	0.244529635	0.937758442
ZC3H8	chr2	112973438	113012664	BAE	0.343685389	0.753144383
ZCCHC11	chr1	52888947	53018762	BAE	0.317668849	0.682761888
ZCCHC2	chr18	60190657	60245818	BAE	0.342220882	0.836190558
ZCCHC6	chr9	88902647	88969402	BAE	0.317625775	0.95050827
ZCCHC7	chr9	37120468	37358145	BAE	0.284889731	0.713215024
ZDHHC13	chr11	19138691	19197967	BAE	0.410406616	0.844116127
ZDHHC2	chr8	17013835	17080241	BAE	0.448613025	0.540790834
ZDHHC20	chr13	21946709	22033508	BAE	0.387232943	0.735096485
ZDHHC21	chr9	14611068	14693480	BAE	0.412861819	0.780237767
ZDHHC7	chr16	85008066	85045141	BAE	0.208864576	0.894727774
ZFP161	chr18	5289017	5297052	BAE	NA	NA
ZFYVE1	chr14	73436158	73493920	BAE	0.222131289	0.776619573
ZFYVE26	chr14	68213236	68283306	BAE	0.207658511	0.955117161
ZHX2	chr8	123793900	123986755	BAE	0.239403859	0.621726396
ZMAT5	chr22	30126944	30162969	BAE	0.317582702	0.56814266
ZMYND11	chr10	180404	300577	BAE	0.286181943	0.623018608
ZNF124	chr1	247285276	247335318	MAE	0.416738456	0.703394211
ZNF141	chr4	331595	367691	BAE	0.483287388	0.888482081
ZNF189	chr9	104161162	104172942	BAE	0.517617161	0.9648949
ZNF202	chr11	123594996	123612363	BAE	0.048242591	0.80582357
ZNF207	chr17	30677156	30697468	BAE	0.214765679	0.960458305
ZNF225	chr19	44617547	44637255	BAE	0.400930393	0.835199862
ZNF235	chr19	44790500	44809178	MAE	0.438275327	0.907865265
ZNF236	chr18	74536115	74682682	BAE	0.202489662	0.80685734
ZNF239	chr10	44051792	44070066	MAE	0.536397312	0.492332874
ZNF25	chr10	38238794	38265453	BAE	0.469719159	0.655410062
ZNF266	chr19	9523270	9546234	BAE	0.260423846	0.93082357
ZNF326	chr1	90460677	90494094	BAE	0.19025672	0.848509649
ZNF333	chr19	14800869	14831772	BAE	0.377110613	0.704341833
ZNF346	chr5	176449696	176493745	BAE	0.090799449	0.791350793
ZNF37A	chr10	38383263	38412278	BAE	0.454772571	0.801731564
ZNF398	chr7	148823507	148880118	BAE	0.251636802	0.824302205
ZNF407	chr18	72342918	72777628	BAE	0.336492074	0.540575465
ZNF410	chr14	74353317	74398991	BAE	0.143521709	0.904850103
ZNF451	chr6	56954827	57035098	BAE	0.287344935	0.758313232
ZNF496	chr1	247463621	247495045	BAE	0.133097864	0.769038594
ZNF516	chr18	74069636	74207146	MAE	0.370994142	0.715411785
ZNF527	chr19	37862058	37883966	BAE	0.317711923	0.666566161
ZNF536	chr19	30863327	31048965	MAE	0.607512061	0.177033081
ZNF557	chr19	7069470	7087978	BAE	0.429359063	0.974974156
ZNF571	chr19	38055154	38085673	MAE	0.465368711	0.5077102
ZNF583	chr19	56915382	56936400	BAE	0.483115093	0.627670572
ZNF600	chr19	53268747	53290034	BAE	0.344029979	0.822450034
ZNF623	chr8	144718372	144735900	BAE	0.48733632	0.76231909
ZNF638	chr2	71558884	71662191	BAE	0.34127326	0.902782564
ZNF680	chr7	63980254	64023505	BAE	0.367720538	0.737853205
ZNF7	chr8	146052902	146068606	BAE	0.510294624	0.956969331
ZNF74	chr22	20748404	20762753	MAE	0.371511027	0.620649552
ZNF79	chr9	130186652	130207651	BAE	0.315429014	0.926386975
ZNF8	chr19	58790317	58807254	BAE	0.421175052	0.917729152
ZNF84	chr12	133613877	133639885	BAE	0.462482771	0.849500345
ZW10	chr11	113603904	113644485	BAE	0.361819435	0.859019642
ZZEF1	chr17	3907738	4046253	BAE	0.2619745	0.938232254
ZZZ3	chr1	78030189	78148343	BAE	0.208735355	0.707701585
