gene	chrom	start	end	status
AAK1	chr2	69685126	69870977	BAE
ABAT	chr16	8768443	8878432	BAE
ABCA12	chr2	215796265	216003151	BAE
ABCA5	chr17	67240575	67323323	BAE
ABCB4	chr7	87031360	87105019	BAE
ABCC1	chr16	16043433	16236930	BAE
ABCC4	chr13	95672082	95953687	BAE
ABCC5	chr3	183637723	183735727	BAE
ABCF2	chr7	150904922	150924317	BAE
ABL1	chr9	133589267	133763062	BAE
ABLIM1	chr10	116190868	116444414	MAE
ABR	chr17	906757	1090616	MAE
ACACA	chr17	35441926	35766902	BAE
ACAD9	chr3	128598332	128631957	BAE
ACADM	chr1	76190042	76229355	BAE
ACADSB	chr10	124768428	124817806	BAE
ACBD6	chr1	180257351	180472022	BAE
ACOXL	chr2	111490149	111875799	MAE
ACSS1	chr20	24986865	25038818	BAE
ACTN4	chr19	39138266	39221171	BAE
ACTR2	chr2	65454828	65498390	BAE
ACTR5	chr20	37377096	37401089	BAE
ADAM23	chr2	207308367	207482679	MAE
ADAMTS16	chr5	5140442	5320412	MAE
ADAMTS20	chr12	43748011	43945724	MAE
ADAR	chr1	154554533	154600456	BAE
ADARB1	chr21	46494492	46646478	MAE
ADCK1	chr14	78266425	78400297	BAE
ADCY2	chr5	7396342	7830194	MAE
ADNP	chr20	49506882	49547527	BAE
AFF1	chr4	87856153	88062206	BAE
AGPAT4	chr6	161551056	161695107	MAE
AIG1	chr6	143382022	143661441	BAE
AIM1	chr6	106959729	107018334	BAE
AJAP1	chr1	4715104	4843851	MAE
AK3	chr9	4709556	4742043	BAE
AKAP11	chr13	42846288	42897403	BAE
AKAP2	chr9	112810877	112934791	BAE
AKAP6	chr14	32798478	33302268	MAE
AKAP9	chr7	91570188	91739987	BAE
ALCAM	chr3	105085556	105295757	BAE
ALDH18A1	chr10	97365685	97416567	BAE
ALDH1L2	chr12	105413561	105478341	MAE
ALG8	chr11	77811987	77850699	BAE
ALPK1	chr4	113218498	113363764	BAE
AMD1	chr6	111195986	111216913	BAE
AMICA1	chr11	118064441	118095809	MAE
AMPD3	chr11	10471867	10529126	BAE
ANAPC10	chr4	145915726	146019693	BAE
ANKFY1	chr17	4066664	4167274	BAE
ANKH	chr5	14704908	14871887	MAE
ANKIB1	chr7	91875547	92030698	BAE
ANKRD10	chr13	111530886	111567416	BAE
ANKRD11	chr16	89334028	89556969	BAE
ANKRD12	chr18	9136750	9285983	BAE
ANP32B	chr9	100745488	100778224	MAE
ANTXR2	chr4	80822770	80994477	BAE
ANXA11	chr10	81914879	81965328	BAE
ANXA6	chr5	150480266	150537443	BAE
AOX1	chr2	201450730	201536217	MAE
AP1B1	chr22	29723668	29784572	BAE
AP3D1	chr19	2100992	2151556	BAE
AP3S2	chr15	90373830	90437617	BAE
APAF1	chr12	99039077	99129211	BAE
APBB1IP	chr10	26727265	26856732	BAE
APBB2	chr4	40812043	41216635	MAE
APOBEC2	chr6	41020939	41032630	BAE
APOBEC3G	chr22	39473009	39483748	BAE
APOL3	chr22	36536370	36562225	BAE
APP	chr21	27252860	27543446	MAE
APTX	chr9	32972603	33001639	BAE
AQR	chr15	35148551	35261995	BAE
ARHGAP10	chr4	148653452	148993927	BAE
ARHGAP12	chr10	32095224	32217770	BAE
ARHGAP15	chr2	143886898	144525921	BAE
ARHGAP17	chr16	24930711	25026675	BAE
ARHGAP18	chr6	129898239	130031370	BAE
ARHGAP21	chr10	24872537	25012597	MAE
ARHGAP24	chr4	86396283	86923823	MAE
ARHGAP26	chr5	142150291	142608572	MAE
ARHGEF12	chr11	120207617	120360645	BAE
ARHGEF7	chr13	111767623	111947542	BAE
ARID1B	chr6	157099063	157531913	BAE
ARID5A	chr2	97202463	97218371	BAE
ARIH2	chr3	48956280	49022971	BAE
ARNTL	chr11	13299324	13408812	BAE
ARNTL2	chr12	27485786	27578746	BAE
ARSB	chr5	78073036	78282357	BAE
ASAH1	chr8	17913924	17942507	BAE
ASB16	chr17	42248073	42256451	BAE
ASB3	chr2	53897116	54014146	BAE
ASB7	chr15	101142754	101191904	BAE
ASCC1	chr10	73855789	73976892	BAE
ASCC3	chr6	100956607	101329224	BAE
ASNS	chr7	97481428	97501854	BAE
ASPH	chr8	62413114	62627199	BAE
ASXL2	chr2	25962252	26101312	BAE
ATF6	chr1	161736033	161933860	BAE
ATF7IP	chr12	14518610	14651697	BAE
ATG10	chr5	81267843	81551216	BAE
ATG16L1	chr2	234160216	234204320	BAE
ATG7	chr3	11314009	11599139	BAE
ATP10B	chr5	159990126	160279219	BAE
ATP10D	chr4	47487409	47595503	BAE
ATP11A	chr13	113344642	113541482	MAE
ATP11B	chr3	182511290	182639421	BAE
ATP2B1	chr12	89981825	90049844	BAE
ATP5A1	chr18	43664109	43684199	BAE
ATP6V0A2	chr12	124196864	124246301	BAE
ATP6V1E1	chr22	18074902	18111588	BAE
ATP8A1	chr4	42410391	42659122	BAE
ATP8B1	chr18	55313658	55470327	BAE
ATP9B	chr18	76829396	77138282	BAE
ATRN	chr20	3451664	3631769	BAE
ATXN1	chr6	16299342	16761721	BAE
ATXN10	chr22	46067677	46241187	BAE
ATXN7	chr3	63850232	63989136	BAE
ATXN7L1	chr7	105245220	105517031	MAE
B3GNT1	chr11	66112842	66115161	BAE
B4GALT4	chr3	118930588	118959752	BAE
B4GALT6	chr18	29202208	29264686	BAE
BAG5	chr14	104022880	104029151	BAE
BARD1	chr2	215593274	215674428	BAE
BAZ1A	chr14	35221936	35344853	BAE
BBX	chr3	107241782	107530049	BAE
BCAP29	chr7	107220421	107263762	BAE
BCAS3	chr17	58755171	59470199	BAE
BCAT1	chr12	24962957	25102393	BAE
BCL11A	chr2	60678301	60780633	MAE
BCL2	chr18	60790578	60986613	BAE
BCMO1	chr16	81272295	81324747	MAE
BCR	chr22	23522551	23660224	MAE
BICD1	chr12	32260184	32531141	BAE
BIN3	chr8	22477946	22526661	BAE
BIVM	chr13	103451398	103493888	BAE
BLK	chr8	11351520	11422108	BAE
BLM	chr15	91260578	91358686	BAE
BLNK	chr10	97951454	98031333	BAE
BMPER	chr7	33944522	34195484	MAE
BRIP1	chr17	59756546	59940920	BAE
BRMS1L	chr14	36295596	36341169	BAE
BRWD1	chr21	40557403	40685712	BAE
BSPRY	chr9	116111811	116133513	MAE
BTAF1	chr10	93683735	93790080	BAE
BTBD7	chr14	93703895	93799385	BAE
BTBD9	chr6	38136226	38607924	BAE
BTRC	chr10	103113789	103317078	BAE
C14orf159	chr14	91580356	91691703	BAE
C18orf54	chr18	51885170	51908404	BAE
C1orf112	chr1	169764549	169822229	BAE
C1orf27	chr1	186344889	186390503	BAE
C1orf52	chr1	85715636	85725355	BAE
C3orf14	chr3	62305395	62319320	MAE
C4BPB	chr1	207262211	207273337	MAE
C6orf89	chr6	36853639	36896740	BAE
C8orf47	chr8	99076749	99105838	MAE
C9	chr5	39284377	39364655	MAE
C9orf91	chr9	117373705	117408703	BAE
CAB39	chr2	231577556	231685790	BAE
CABP1	chr12	121078421	121105127	MAE
CACNA1D	chr3	53529030	53846492	BAE
CACNB4	chr2	152689285	152955593	BAE
CADPS	chr3	62384020	62861064	MAE
CADPS2	chr7	121958477	122526813	MAE
CALN1	chr7	71244475	71877360	MAE
CALU	chr7	128379345	128413477	BAE
CAMK2D	chr4	114372187	114683083	BAE
CAMK4	chr5	110559946	110820748	BAE
CAMTA1	chr1	6845383	7829766	BAE
CAP1	chr1	40506254	40538321	BAE
CAPZB	chr1	19665266	19812066	BAE
CARD11	chr7	2945709	3083509	BAE
CARHSP1	chr16	8946801	8962863	BAE
CARS	chr11	3022151	3078681	BAE
CASC4	chr15	44580908	44707959	BAE
CASC5	chr15	40886446	40954881	BAE
CASP2	chr7	142985307	143004789	BAE
CASP6	chr4	110609784	110624629	MAE
CASP7	chr10	115438934	115490664	BAE
CAST	chr5	95997740	96110385	BAE
CAT	chr11	34460471	34493607	BAE
CBX3	chr7	26240830	26253227	BAE
CCDC25	chr8	27590832	27630170	BAE
CCDC28A	chr6	139094656	139114456	BAE
CCDC6	chr10	61548505	61666414	BAE
CCL28	chr5	43381599	43412488	BAE
CCND2	chr12	4382901	4414522	BAE
CCNF	chr16	2479394	2508859	BAE
CCNK	chr14	99947738	99977852	BAE
CCT3	chr1	156278751	156308206	BAE
CD200	chr3	112051915	112081658	BAE
CD302	chr2	160625138	160654766	BAE
CD33	chr19	51728334	51743274	MAE
CD4	chr12	6898637	6929976	MAE
CD44	chr11	35160416	35253949	BAE
CD53	chr1	111413820	111442558	BAE
CD80	chr3	119243139	119278481	BAE
CD83	chr6	14117486	14137148	BAE
CD84	chr1	160510883	160549306	BAE
CDC14A	chr1	100818022	100985833	BAE
CDC34	chr19	531732	542087	BAE
CDC42	chr1	22379119	22419436	BAE
CDC42BPA	chr1	227177565	227505826	MAE
CDCA8	chr1	38158072	38175391	BAE
CDH2	chr18	25530929	25757445	MAE
CDK5RAP2	chr9	123151146	123342437	BAE
CDK6	chr7	92234234	92465941	BAE
CDKAL1	chr6	20534687	21232634	BAE
CDYL2	chr16	80637675	80838175	MAE
CENPE	chr4	104026962	104119566	BAE
CENPJ	chr13	25456411	25497085	BAE
CGGBP1	chr3	88101099	88199016	BAE
CHCHD6	chr3	126423117	126679244	BAE
CHD2	chr15	93443550	93571237	BAE
CHD6	chr20	40031169	40247133	BAE
CHD7	chr8	61591323	61780586	BAE
CHL1	chr3	238278	451097	MAE
CHMP7	chr8	23101149	23119512	MAE
CHST11	chr12	104850691	105155792	BAE
CHSY1	chr15	101715927	101792137	BAE
CLASP1	chr2	122095351	122407052	BAE
CLCC1	chr1	109472129	109506111	BAE
CLCN3	chr4	170541671	170644338	BAE
CLDN1	chr3	190023489	190040235	MAE
CLEC2B	chr12	10004967	10022458	MAE
CLEC4C	chr12	7882010	7902069	MAE
CLOCK	chr4	56298659	56412997	BAE
CLYBL	chr13	100258918	100549388	BAE
CMIP	chr16	81478774	81745367	BAE
CMKLR1	chr12	108681820	108733094	MAE
CNN3	chr1	95362506	95392735	MAE
CNOT1	chr16	58553854	58663750	BAE
CNOT2	chr12	70636773	70748773	BAE
CNOT4	chr7	135046546	135194875	BAE
CNOT6	chr5	179921416	180005353	BAE
CNTN3	chr3	74311721	74570343	MAE
CNTN6	chr3	1134628	1445278	MAE
COCH	chr14	31343740	31359822	MAE
COG1	chr17	71189172	71204645	BAE
COG2	chr1	230778201	230829731	BAE
COG5	chr7	106842188	107204959	BAE
COG6	chr13	40229763	40365802	BAE
COL13A1	chr10	71561643	71718904	MAE
COL19A1	chr6	70576447	70922157	BAE
COL22A1	chr8	139600477	139926236	MAE
COL23A1	chr5	177664616	178017556	MAE
COL27A1	chr9	116918230	117072975	MAE
COL4A3	chr2	228029280	228179508	MAE
COL4A3BP	chr5	74666927	74807806	BAE
COMMD1	chr2	62132802	62363205	BAE
COMMD10	chr5	115420726	115628978	BAE
COMT	chr22	19929262	19957498	MAE
COPS2	chr15	49417470	49447854	BAE
CORO1C	chr12	109038886	109125295	BAE
CORO7	chr16	4404542	4466962	BAE
CPEB3	chr10	93808396	94050875	BAE
CPEB4	chr5	173315330	173387313	BAE
CPNE4	chr3	131253576	131753844	MAE
CPNE8	chr12	39046001	39299420	MAE
CPOX	chr3	98298289	98312455	BAE
CPSF6	chr12	69633316	69668138	BAE
CREB3L2	chr7	137559724	137686847	BAE
CREG1	chr1	167510250	167523056	BAE
CRIPT	chr2	46844324	46852881	BAE
CRKL	chr22	21271713	21308037	BAE
CROT	chr7	86974950	87029112	BAE
CRY1	chr12	107385142	107487598	MAE
CSNK1E	chr22	38686696	38714089	BAE
CSNK2A1	chr20	463337	524482	BAE
CSNK2A2	chr16	58191811	58231782	BAE
CSRP1	chr1	201452657	201476387	BAE
CSRP2BP	chr20	18122867	18169031	BAE
CTBP1	chr4	1205227	1242908	BAE
CTNNA1	chr5	138089106	138270723	BAE
CTNNA2	chr2	79740059	80875988	BAE
CTNNA3	chr10	67679724	69455949	MAE
CTNNAL1	chr9	111704850	111775764	BAE
CTNNBL1	chr20	36322433	36500520	BAE
CTSC	chr11	88026759	88070941	BAE
CUL1	chr7	148395932	148498202	BAE
CUL3	chr2	225334866	225450114	BAE
CUL5	chr11	107879407	107978488	BAE
CXCL10	chr4	76942268	76944689	MAE
CYBRD1	chr2	172378756	172414643	BAE
CYP20A1	chr2	204103163	204170563	BAE
CYP7B1	chr8	65508528	65711348	MAE
DAAM1	chr14	59655398	59836471	BAE
DAPK1	chr9	90112755	90323549	MAE
DBN1	chr5	176883613	176900694	MAE
DCBLD1	chr6	117803819	117891020	BAE
DCP1A	chr3	53317444	53381654	BAE
DCUN1D2	chr13	114110133	114145023	BAE
DCUN1D3	chr16	20869395	20911561	BAE
DDHD1	chr14	53503457	53620046	BAE
DDX10	chr11	108535815	108811648	BAE
DDX11	chr12	31226778	31257725	BAE
DDX31	chr9	135469675	135545788	BAE
DEGS1	chr1	224370909	224381142	BAE
DENND1A	chr9	126141932	126692417	BAE
DENND1B	chr1	197473878	197744623	BAE
DEPDC1B	chr5	59892738	59995993	BAE
DFNA5	chr7	24737973	24797639	BAE
DGCR2	chr22	19023794	19109967	BAE
DGCR8	chr22	20067754	20099400	BAE
DGKD	chr2	234263152	234380743	BAE
DIAPH1	chr5	140894587	140998622	BAE
DICER1	chr14	95552564	95623759	BAE
DLG1	chr3	196769430	197025447	BAE
DLGAP1	chr18	3496029	4455266	MAE
DLST	chr14	75348593	75370450	BAE
DMTF1	chr7	86781676	86825648	BAE
DMXL2	chr15	51739920	51914967	BAE
DNAH3	chr16	20944475	21170762	MAE
DNAJC11	chr1	6694227	6761966	BAE
DNAJC13	chr3	132136552	132257876	BAE
DNAJC15	chr13	43597361	43683306	MAE
DNM3	chr1	171810620	172381857	MAE
DNMBP	chr10	101635333	101769676	BAE
DOCK10	chr2	225629806	225907330	BAE
DOCK2	chr5	169064250	169510386	BAE
DOCK5	chr8	25042286	25270619	MAE
DOCK8	chr9	214864	465259	BAE
DOCK9	chr13	99445740	99738660	MAE
DPP4	chr2	162848754	162931052	MAE
DPY19L3	chr19	32896654	32976799	BAE
DPYD	chr1	97543299	98386615	BAE
DRD3	chr3	113847556	113897899	MAE
DSC3	chr18	28570051	28622781	MAE
DSCAM	chr21	41384342	42219039	MAE
DSCR3	chr21	38595725	38639833	BAE
DSG2	chr18	29078026	29128814	BAE
DST	chr6	56322784	56507694	BAE
DTNBP1	chr6	15523031	15663289	BAE
DUSP16	chr12	12626215	12715448	BAE
DUSP22	chr6	292100	351355	BAE
DYM	chr18	46570171	46987079	BAE
DYRK1A	chr21	38739858	38887679	BAE
E2F8	chr11	19245609	19263202	BAE
EBF1	chr5	158122922	158526788	MAE
EEA1	chr12	93166284	93323107	BAE
EEF1G	chr11	62327072	62341460	BAE
EEFSEC	chr3	127872312	128127489	BAE
EFNA5	chr5	106712589	107006596	MAE
EFTUD2	chr17	42927654	42976993	BAE
EGF	chr4	110834039	110934118	BAE
EGFR	chr7	55086724	55275031	MAE
EHMT1	chr9	140513443	140730578	BAE
EIF2AK3	chr2	88856258	88927094	BAE
EIF2AK4	chr15	40226346	40327797	BAE
EIF2B1	chr12	124105569	124118323	BAE
EIF4E2	chr2	233415356	233433920	BAE
EIF5B	chr2	99953833	100016728	BAE
ELAVL1	chr19	8023456	8070529	BAE
ELF2	chr4	139978870	140060606	MAE
ELMO1	chr7	36892510	37488895	BAE
ELOVL6	chr4	110970228	111119820	BAE
EML4	chr2	42396489	42559688	BAE
ENTPD5	chr14	74433180	74486026	BAE
EP400	chr12	132434464	132565011	MAE
EPB41	chr1	29213602	29446558	BAE
EPB41L2	chr6	131160487	131384462	BAE
EPHB1	chr3	134514098	134979307	MAE
EPS8	chr12	15773074	15942510	MAE
EPSTI1	chr13	43462121	43566377	BAE
ERBB2IP	chr5	65222381	65376851	BAE
ERBB4	chr2	212240441	213403352	MAE
ERCC2	chr19	45854648	45873845	BAE
ERCC8	chr5	60169658	60240905	BAE
ERICH1	chr8	614199	681226	BAE
ETFA	chr15	76508628	76603810	BAE
ETS1	chr11	128328655	128457453	BAE
ETV6	chr12	11802787	12048325	BAE
EVC	chr4	5712923	5816031	MAE
EVC2	chr4	5564145	5711275	MAE
EVI5	chr1	92974252	93257961	BAE
EXO1	chr1	242011492	242053241	BAE
EXOSC7	chr3	45017740	45054158	BAE
EXT1	chr8	118811601	119124058	BAE
EXT2	chr11	44117098	44266980	BAE
EZH2	chr7	148504463	148581441	BAE
FADS1	chr11	61567096	61584529	BAE
FADS2	chr11	61595712	61634825	BAE
FAF1	chr1	50906934	51425936	BAE
FAH	chr15	80445232	80478924	MAE
FAIM	chr3	138327541	138352213	MAE
FAM19A2	chr12	62102028	62586620	MAE
FAM49A	chr2	16730729	16847134	MAE
FAM69A	chr1	93298285	93427079	BAE
FAM78B	chr1	166039255	166135958	BAE
FARP2	chr2	242295663	242434256	BAE
FARS2	chr6	5261583	5771816	BAE
FAS	chr10	90750287	90775542	BAE
FBN2	chr5	127593600	127873735	MAE
FBXL17	chr5	107194733	107717799	BAE
FBXL4	chr6	99321600	99395849	BAE
FBXL5	chr4	15606006	15657035	BAE
FBXO11	chr2	48034058	48132932	BAE
FBXO38	chr5	147763545	147822399	BAE
FBXO42	chr1	16576558	16678948	BAE
FBXO7	chr22	32870706	32894818	BAE
FBXW4	chr10	103370420	103454743	BAE
FER	chr5	108083522	108523373	BAE
FGFR2	chr10	123237843	123357972	BAE
FHIT	chr3	59735035	61237133	BAE
FHL2	chr2	105977282	106055230	MAE
FKBP5	chr6	35541361	35696360	MAE
FLI1	chr11	128563810	128683162	BAE
FLNB	chr3	57994126	58157982	BAE
FMNL2	chr2	153191750	153506348	MAE
FNDC3B	chr3	171757417	172118492	BAE
FRK	chr6	116262692	116381921	MAE
FUT8	chr14	65877309	66210839	BAE
FXR1	chr3	180630233	180700539	BAE
FYB	chr5	39105353	39270759	MAE
FZD6	chr8	104310660	104345094	MAE
GABPA	chr21	27107257	27144771	BAE
GABPB2	chr1	151043079	151091007	BAE
GAL3ST1	chr22	30950623	30960876	BAE
GALK2	chr15	49447975	49622002	BAE
GALNT10	chr5	153570294	153800543	BAE
GALNT2	chr1	230202955	230417875	BAE
GALNT6	chr12	51745832	51785200	BAE
GALNT7	chr4	174089903	174245118	BAE
GAPDHS	chr19	36024313	36036221	BAE
GARNL3	chr9	130026755	130155828	MAE
GARS	chr7	30634180	30673648	BAE
GAS2	chr11	22688159	22834547	MAE
GAS2L3	chr12	100967488	101018685	BAE
GAS6	chr13	114523521	114567046	MAE
GBE1	chr3	81538849	81810950	BAE
GDI2	chr10	5807185	5855512	BAE
GFOD1	chr6	13363586	13487869	BAE
GFPT1	chr2	69546900	69614386	BAE
GHR	chr5	42423876	42721980	MAE
GKAP1	chr9	86354335	86432752	BAE
GMDS	chr6	1624034	2245868	BAE
GNA12	chr7	2767740	2883959	BAE
GNB1L	chr22	19775933	19842462	BAE
GNE	chr9	36214438	36277053	BAE
GNG2	chr14	52327021	52436518	BAE
GNPTAB	chr12	102139274	102224645	BAE
GNS	chr12	65107221	65153226	BAE
GOLPH3L	chr1	150618700	150669672	BAE
GOT2	chr16	58741034	58768246	BAE
GPC5	chr13	92050934	93519487	MAE
GPR125	chr4	22388998	22517672	MAE
GPR158	chr10	25464289	25891157	MAE
GRAP2	chr22	40297085	40367384	MAE
GRB2	chr17	73314156	73401790	BAE
GRIA1	chr5	152870083	153193429	MAE
GRM8	chr7	126078651	126892428	MAE
GTF2A1	chr14	81646393	81687575	BAE
GTF2E1	chr3	120461557	120501916	MAE
GTF2H3	chr12	124118380	124145334	BAE
GUCY1B3	chr4	156680125	156728783	MAE
GYPC	chr2	127413510	127454251	BAE
HACE1	chr6	105175967	105307794	BAE
HBP1	chr7	106809405	106842974	BAE
HDAC4	chr2	239969863	240322643	BAE
HECTD1	chr14	31569323	31676689	BAE
HELB	chr12	66696334	66737423	BAE
HERC3	chr4	89513646	89629686	MAE
HIPK2	chr7	139246315	139477693	BAE
HIRA	chr22	19318223	19419219	BAE
HIVEP3	chr1	41972035	42384378	BAE
HMGB1	chr13	31032878	31040081	BAE
HMGCR	chr5	74632992	74657926	BAE
HNF4G	chr8	76452202	76479061	MAE
HS3ST1	chr4	11399987	11430537	MAE
HSD17B12	chr11	43702142	43878169	BAE
HSD17B4	chr5	118788137	118878030	BAE
HSPBAP1	chr3	122458843	122512666	BAE
HSPH1	chr13	31710762	31736117	BAE
IARS	chr9	94972624	95056038	BAE
IBTK	chr6	82879955	82957448	BAE
IDE	chr10	94211440	94333852	BAE
IDH3A	chr15	78441718	78462884	BAE
IFI44L	chr1	79086087	79111830	MAE
IFNAR2	chr21	34602230	34636820	BAE
IGF2R	chr6	160390130	160527583	BAE
IGHMBP2	chr11	68671318	68708069	BAE
IL10RB	chr21	34638671	34669520	BAE
IL17RB	chr3	53880576	53899827	MAE
IL1A	chr2	113531491	113542971	BAE
IL1RL1	chr2	102927961	102968497	MAE
IL6	chr7	22766765	22771621	MAE
ILK	chr11	6624963	6632099	BAE
IMPA2	chr18	11981426	12030885	MAE
INPP1	chr2	191208195	191236391	BAE
INSR	chr19	7112265	7294011	BAE
INVS	chr9	102861510	103063426	BAE
IPO11	chr5	61708572	61924416	BAE
IPO8	chr12	30781914	30848929	BAE
IQCB1	chr3	121488609	121553926	BAE
IQGAP1	chr15	90931472	91045475	BAE
IQGAP2	chr5	75699148	76003957	BAE
IREB2	chr15	78730517	78793798	BAE
ITCH	chr20	32951040	33099198	BAE
ITGA11	chr15	68594041	68724492	MAE
ITGA4	chr2	182321618	182402468	BAE
ITGB3BP	chr1	63906440	63988944	BAE
ITIH5	chr10	7601231	7708961	MAE
ITPK1	chr14	93403258	93582263	MAE
ITPKB	chr1	226819390	226926876	BAE
ITPR1	chr3	4535031	4889524	BAE
ITPR3	chr6	33589155	33664348	BAE
JAG1	chr20	10618331	10654694	MAE
JAK2	chr9	4985244	5128183	BAE
JARID2	chr6	15246526	15522253	BAE
JDP2	chr14	75894508	75939404	MAE
KATNAL1	chr13	30776766	30881584	BAE
KCNAB1	chr3	155838336	156256927	MAE
KCNC3	chr19	50818764	50832634	MAE
KCND3	chr1	112318453	112531777	MAE
KCNIP4	chr4	20730238	21950374	MAE
KCNK1	chr1	233749749	233808258	MAE
KCNN3	chr1	154669941	154842754	BAE
KCNQ3	chr8	133133104	133493004	MAE
KCNQ5	chr6	73331570	73908573	MAE
KCTD1	chr18	24034874	24220308	BAE
KCTD10	chr12	109886459	109915155	BAE
KCTD14	chr11	77726760	77734320	MAE
KDELR2	chr7	6500711	6523849	BAE
KIAA0232	chr4	6784458	6885899	BAE
KIAA0247	chr14	70078309	70181861	BAE
KIAA0391	chr14	35591526	35743284	BAE
KIAA1033	chr12	105501491	105562906	BAE
KIAA1407	chr3	113682983	113775460	MAE
KIAA1429	chr8	95500004	95565746	BAE
KIAA1432	chr9	5629118	5776556	BAE
KIAA1524	chr3	108268717	108308491	BAE
KIAA1841	chr2	61293362	61365169	BAE
KIAA2026	chr9	5919007	6008003	BAE
KIDINS220	chr2	8868986	8977755	BAE
KIF11	chr10	94352824	94415152	BAE
KIF13B	chr8	28924794	29120610	BAE
KIF17	chr1	20990506	21044317	MAE
KIF1B	chr1	10270763	10441661	BAE
KIF5B	chr10	32297937	32345371	BAE
KLF12	chr13	74260148	74708066	BAE
KLF13	chr15	31619082	31670102	BAE
KLHL20	chr1	173684079	173755840	BAE
KLHL3	chr5	136953188	137071779	BAE
KPNA1	chr3	122140747	122233786	BAE
KPNA3	chr13	50273442	50367057	BAE
KRAS	chr12	25358179	25403854	BAE
KRIT1	chr7	91828282	91875414	BAE
KTN1	chr14	56046924	56151302	BAE
L3MBTL4	chr18	5954704	6414910	MAE
LACTB	chr15	63413998	63434260	BAE
LAIR2	chr19	55014012	55021900	MAE
LANCL2	chr7	55433140	55501435	BAE
LAPTM4B	chr8	98787808	98864830	MAE
LATS2	chr13	21547175	21635722	BAE
LCP1	chr13	46700057	46756459	BAE
LEF1	chr4	108968700	109090112	MAE
LEO1	chr15	52230221	52263958	BAE
LEPREL1	chr3	189674516	189840226	MAE
LIG1	chr19	48618702	48673560	BAE
LIMD1	chr3	45636322	45722755	BAE
LIPA	chr10	90973325	91011660	BAE
LIPC	chr15	58724174	58861073	MAE
LMBR1	chr7	156473569	156685902	BAE
LMCD1	chr3	8543510	8609806	MAE
LMO2	chr11	33880122	33913836	MAE
LMO3	chr12	16701305	16761148	MAE
LMO7	chr13	76194569	76434006	BAE
LOC81691	chr16	20817766	20860990	BAE
LOX	chr5	121398889	121414055	MAE
LPGAT1	chr1	211916798	212004114	BAE
LPHN2	chr1	82266081	82458107	MAE
LPIN1	chr2	11886739	11967533	BAE
LPXN	chr11	58294343	58345639	BAE
LRBA	chr4	151185810	151936649	BAE
LRCH1	chr13	47127295	47327175	BAE
LRIG3	chr12	59265936	59314262	MAE
LRRC18	chr10	50117528	50122280	BAE
LRRFIP1	chr2	238536223	238690290	BAE
LRRFIP2	chr3	37094116	37217851	BAE
LTA4H	chr12	96394530	96437298	BAE
LTBP4	chr19	41099071	41135725	BAE
LUC7L2	chr7	139025104	139108203	BAE
LY75	chr2	160659867	160761267	BAE
LY86	chr6	6588933	6655216	BAE
LYN	chr8	56792385	56925006	BAE
LYPLAL1	chr1	219347191	219386207	MAE
MAGI2	chr7	77646373	79082890	MAE
MALT1	chr18	56338617	56417370	BAE
MAN1A1	chr6	119499266	119670926	BAE
MANBA	chr4	103552642	103682151	BAE
MANEA	chr6	96025372	96057328	BAE
MAP2K5	chr15	67835020	68099455	BAE
MAP3K1	chr5	56110899	56191978	BAE
MAP3K5	chr6	136878186	137113656	BAE
MAP3K7	chr6	91225352	91296907	BAE
MAP3K9	chr14	71194853	71275888	BAE
MAP4	chr3	47892179	48130769	BAE
MAPKAP1	chr9	128199672	128469513	BAE
MAPRE1	chr20	31407698	31438211	BAE
MBD2	chr18	51677970	51751158	BAE
MBNL2	chr13	97874549	98046374	BAE
MBP	chr18	74690788	74844774	BAE
MBTPS1	chr16	84087368	84150517	BAE
MCC	chr5	112357795	112824527	MAE
MCM3AP	chr21	47655047	47705236	BAE
MCOLN2	chr1	85391265	85462796	BAE
MCPH1	chr8	6264112	6501140	BAE
MCTP1	chr5	94042288	94620279	BAE
MDM1	chr12	68688345	68726161	BAE
MDN1	chr6	90353230	90529442	BAE
ME1	chr6	83920109	84140938	MAE
MEF2A	chr15	100106132	100256629	BAE
MEF2B	chr19	19256375	19281098	BAE
METAP1	chr4	99916787	99983960	BAE
MFN2	chr1	12040237	12073572	BAE
MGAT5	chr2	135011829	135212192	BAE
MGLL	chr3	127407904	127542093	BAE
MIB1	chr18	19321544	19450912	BAE
MIER1	chr1	67390577	67454302	BAE
MIPEP	chr13	24304327	24463587	BAE
MKNK1	chr1	47023078	47069966	BAE
MKRN2	chr3	12598593	12625210	BAE
MLH1	chr3	37034840	37092337	BAE
MMP16	chr8	89049459	89339717	MAE
MOCOS	chr18	33767479	33848685	MAE
MON1B	chr16	77224835	77233543	BAE
MPP6	chr7	24613084	24727498	BAE
MPZL1	chr1	167691186	167761156	BAE
MRPL18	chr6	160211491	160219461	BAE
MRPL19	chr2	75873908	75889334	BAE
MRPL21	chr11	68658745	68671303	BAE
MRPL37	chr1	54665839	54684056	BAE
MRPL4	chr19	10362639	10370736	BAE
MRPL40	chr22	19420035	19423596	BAE
MRPL47	chr3	179306254	179322434	BAE
MRPS27	chr5	71515235	71616084	BAE
MRPS31	chr13	41303431	41345347	BAE
MS4A1	chr11	60223281	60238225	BAE
MSI2	chr17	55333930	55757299	BAE
MTA3	chr2	42795670	42936353	BAE
MTAP	chr9	21802634	21865969	BAE
MTERFD2	chr2	242026508	242041747	BAE
MTHFD1L	chr6	151186814	151423023	BAE
MTMR10	chr15	31231143	31283807	BAE
MTMR2	chr11	95566043	95657371	BAE
MTMR3	chr22	30279157	30426857	BAE
MTMR9	chr8	11141999	11185654	BAE
MTPN	chr7	135611502	135662204	BAE
MTR	chr1	236958580	237067281	BAE
MUSTN1	chr3	52867130	52869235	BAE
MVK	chr12	110011499	110035071	BAE
MYB	chr6	135502452	135540311	BAE
MYBL2	chr20	42295708	42345122	BAE
MYH9	chr22	36677322	36784063	BAE
MYO1D	chr17	30819627	31203902	BAE
MYO1E	chr15	59428167	59665071	MAE
MYO6	chr6	76458908	76629254	MAE
N4BP2	chr4	40058523	40159872	BAE
NAALADL2	chr3	174577110	175523428	MAE
NARF	chr17	80416059	80446143	MAE
NAV2	chr11	19372270	20143147	MAE
NBEA	chr13	35516423	36246873	MAE
NCBP2	chr3	196662272	196669464	BAE
NCOA6	chr20	33302577	33413433	BAE
NCOA7	chr6	126102306	126253176	BAE
NDUFA10	chr2	240896788	240964819	BAE
NDUFS4	chr5	52856464	52979171	BAE
NEDD9	chr6	11183530	11382581	BAE
NEK1	chr4	170314420	170533778	BAE
NEK6	chr9	127019884	127114719	BAE
NELL1	chr11	20691116	21597229	MAE
NETO1	chr18	70409548	70534810	MAE
NF1	chr17	29421944	29704695	BAE
NF2	chr22	29999544	30094589	BAE
NFAT5	chr16	69599868	69738569	BAE
NIN	chr14	51186480	51297839	BAE
NINJ2	chr12	673461	772755	BAE
NIPA1	chr15	23043278	23086843	BAE
NKIRAS2	chr17	40169593	40177656	BAE
NLK	chr17	26369687	26523404	BAE
NLN	chr5	65018022	65125111	BAE
NMD3	chr3	160939098	160969795	BAE
NMI	chr2	152126981	152146430	BAE
NMT1	chr17	43138679	43186382	BAE
NOL10	chr2	10710893	10830112	BAE
NOL4	chr18	31431063	31803515	MAE
NOL6	chr9	33461350	33473941	BAE
NOL7	chr6	13615558	13621127	BAE
NOM1	chr7	156742416	156765876	BAE
NPC1	chr18	21111462	21166581	BAE
NPTXR	chr22	39214455	39240017	MAE
NR1H2	chr19	50879679	50886285	BAE
NR1I2	chr3	119499330	119537332	MAE
NR2C1	chr12	95414057	95467404	BAE
NRF1	chr7	129251554	129396922	BAE
NRG2	chr5	139226363	139422884	MAE
NRG3	chr10	83635069	84746935	MAE
NRP2	chr2	206547223	206662857	MAE
NRXN1	chr2	50145642	51259674	MAE
NSUN6	chr10	18834263	18940550	BAE
NUBPL	chr14	32030590	32330429	BAE
NUCB2	chr11	17298285	17353070	BAE
NUDCD1	chr8	110253147	110346350	BAE
NUDCD3	chr7	44421964	44530385	BAE
NUMB	chr14	73741917	73925286	BAE
NUP133	chr1	229577043	229644088	BAE
NUP153	chr6	17615268	17706818	BAE
NUP210	chr3	13357736	13461809	BAE
NUP93	chr16	56764016	56878861	BAE
NUPL1	chr13	25875665	25916561	BAE
OAS1	chr12	113344738	113357712	MAE
OAS2	chr12	113416273	113449528	BAE
OAS3	chr12	113376248	113411054	BAE
OBFC1	chr10	105637317	105678045	BAE
OCA2	chr15	28000022	28344458	MAE
OGDH	chr7	44646120	44748669	BAE
OPN1SW	chr7	128412542	128415844	BAE
OSBPL3	chr7	24836163	25019760	BAE
OSBPL6	chr2	179059207	179264160	MAE
OTUB2	chr14	94492723	94515276	MAE
OXR1	chr8	107282405	107764921	BAE
P2RX1	chr17	3799884	3819960	MAE
P2RX5	chr17	3576521	3599698	MAE
PACSIN2	chr22	43265771	43411184	BAE
PAK2	chr3	196466727	196559518	BAE
PAN3	chr13	28712642	28869475	BAE
PANK1	chr10	91339253	91405329	BAE
PANX1	chr11	93862093	93915137	BAE
PAPOLA	chr14	96968712	97033453	BAE
PARD3	chr10	34398487	35104253	BAE
PARD6G	chr18	77915116	78005397	MAE
PARVB	chr22	44395090	44565112	BAE
PAX5	chr9	36838530	37034476	BAE
PBK	chr8	27667137	27695349	BAE
PCBD2	chr5	134240809	134298336	BAE
PCBP2	chr12	53845885	53874946	BAE
PCCA	chr13	100741268	101182691	BAE
PCGF2	chr17	36890149	36904558	MAE
PCM1	chr8	17780365	17887457	BAE
PCNXL2	chr1	233119881	233431459	BAE
PCSK1	chr5	95726039	95768985	BAE
PDCD11	chr10	105156411	105206019	BAE
PDCD1LG2	chr9	5510544	5571282	BAE
PDCD6IP	chr3	33840062	33911199	BAE
PDE3B	chr11	14665268	14893604	MAE
PDE7B	chr6	136172833	136516709	MAE
PDE8A	chr15	85523743	85682376	BAE
PDE9A	chr21	44073861	44195618	MAE
PDHX	chr11	34937676	35017675	BAE
PDIA5	chr3	122785855	122880953	MAE
PDIA6	chr2	10923516	10952960	BAE
PDLIM1	chr10	96997329	97050781	BAE
PDXK	chr21	45138977	45182188	BAE
PELI2	chr14	56585092	56768031	MAE
PERP	chr6	138409641	138428660	MAE
PEX14	chr1	10535002	10690815	BAE
PFDN4	chr20	52824501	52836492	BAE
PFKP	chr10	3109711	3178997	BAE
PGGT1B	chr5	114546526	114598569	BAE
PGM1	chr1	64058946	64125916	BAE
PGM3	chr6	83874592	83903655	BAE
PHACTR2	chr6	143929316	144152322	MAE
PHF14	chr7	11013498	11209250	BAE
PHF2	chr9	96338908	96441869	BAE
PHF20	chr20	34359922	34538288	BAE
PHF20L1	chr8	133787603	133861052	BAE
PHF21A	chr11	45950869	46142985	BAE
PHTF2	chr7	77428108	77586821	BAE
PIAS1	chr15	68346571	68480404	BAE
PICALM	chr11	85668213	85780923	BAE
PIGK	chr1	77554666	77685132	BAE
PIGN	chr18	59711457	59854289	BAE
PIGQ	chr16	619967	634136	BAE
PIK3AP1	chr10	98353068	98480279	BAE
PIK3CB	chr3	138371539	138478201	BAE
PIK3R1	chr5	67511583	67597649	BAE
PILRB	chr7	99933687	99965454	BAE
PINX1	chr8	10622883	10697299	BAE
PIP5K1B	chr9	71320615	71624091	BAE
PITPNB	chr22	28247656	28315255	BAE
PITPNC1	chr17	65373923	65689647	MAE
PITRM1	chr10	3179918	3215033	BAE
PKD2	chr4	88928798	88998931	BAE
PKP1	chr1	201252579	201302121	MAE
PKP4	chr2	159313475	159537940	BAE
PLAGL1	chr6	144261436	144385735	BAE
PLCB1	chr20	8113295	8865547	MAE
PLCE1	chr10	95753745	96088148	MAE
PLCG2	chr16	81812898	81991899	BAE
PLCL2	chr3	16926451	17132098	BAE
PLD1	chr3	171318194	171528284	MAE
PLD3	chr19	40854331	40884390	BAE
PLEK	chr2	68592321	68624585	BAE
PLEKHA2	chr8	38758752	38831430	BAE
PLOD2	chr3	145787227	145879282	MAE
PLSCR1	chr3	146232966	146262628	BAE
PLXNC1	chr12	94542498	94701451	BAE
PNOC	chr8	28174648	28200868	BAE
POLE	chr12	133200347	133263945	BAE
POLE4	chr2	75185774	75196859	BAE
POLI	chr18	51795848	51824604	BAE
POLR1B	chr2	113299491	113334727	BAE
POT1	chr7	124462439	124570037	BAE
POU2F3	chr11	120107348	120190653	MAE
PPA1	chr10	71962585	71993190	BAE
PPA2	chr4	106290233	106395227	BAE
PPARGC1B	chr5	149109814	149234585	BAE
PPAT	chr4	57259528	57301802	BAE
PPFIBP2	chr11	7534995	7674996	BAE
PPIG	chr2	170440849	170494254	BAE
PPM1B	chr2	44395999	44461742	BAE
PPP1R16B	chr20	37434347	37551667	BAE
PPP2R2A	chr8	26149006	26230195	BAE
PPP2R5C	chr14	102228134	102394328	BAE
PPP3CA	chr4	101944586	102268628	BAE
PPP4R1	chr18	9546791	9614600	BAE
PPT1	chr1	40538381	40563142	BAE
PRDM2	chr1	14026734	14151574	BAE
PREP	chr6	105725441	105850999	MAE
PREPL	chr2	44544747	44589001	BAE
PREX1	chr20	47240792	47444420	BAE
PRKAA1	chr5	40759480	40798297	BAE
PRKAR1A	chr17	66508109	66528910	BAE
PRKAR2A	chr3	48788092	48885270	BAE
PRKCA	chr17	64298925	64806862	MAE
PRKCH	chr14	61788514	62017698	MAE
PRKD1	chr14	30045686	30396899	MAE
PRPF18	chr10	13628938	13672868	BAE
PRPF4	chr9	116037913	116055185	MAE
PRPSAP2	chr17	18759611	18834599	BAE
PSAP	chr10	73576054	73611082	BAE
PSMC1	chr14	90722893	90738966	BAE
PSMD1	chr2	231921577	232037540	BAE
PSMD11	chr17	30771501	30808042	BAE
PSMD13	chr11	236807	252984	BAE
PSMD14	chr2	162164785	162268228	BAE
PSMD5	chr9	123578331	123605206	MAE
PSMD9	chr12	122326645	122355771	BAE
PSME4	chr2	54091203	54197977	BAE
PTBP2	chr1	97187174	97280605	BAE
PTDSS1	chr8	97274166	97346774	BAE
PTGFRN	chr1	117452688	117532972	MAE
PTK2	chr8	141668480	142011412	MAE
PTK2B	chr8	27168998	27316908	BAE
PTPN9	chr15	75759461	75871625	MAE
PTPRA	chr20	2844840	3019315	BAE
PTPRC	chr1	198608136	198726545	BAE
PTPRS	chr19	5205518	5340814	MAE
PUM2	chr2	20448452	20527144	BAE
QDPR	chr4	17488015	17513857	BAE
RAB14	chr9	123940414	123964365	BAE
RAB20	chr13	111175412	111214071	MAE
RAB27A	chr15	55495163	55582013	BAE
RAB28	chr4	13369346	13485989	BAE
RAB30	chr11	82692477	82782884	BAE
RAB31	chr18	9708227	9862553	MAE
RAB35	chr12	120532898	120554643	BAE
RAB36	chr22	23487512	23506531	MAE
RABGAP1L	chr1	174128551	174927327	BAE
RABL3	chr3	120405527	120461384	BAE
RAD18	chr3	8918879	9005159	BAE
RAD23B	chr9	110045516	110094475	BAE
RAD54B	chr8	95384187	95487343	BAE
RAD9A	chr11	67159422	67165883	BAE
RAF1	chr3	12625099	12705700	BAE
RALBP1	chr18	9475529	9538106	MAE
RALGPS1	chr9	129677052	129985445	BAE
RALGPS2	chr1	178694299	178889237	BAE
RALY	chr20	32581457	32670991	BAE
RAP1A	chr1	112162404	112256101	BAE
RAP2A	chr13	98086474	98120252	BAE
RAP2B	chr3	152880028	152886263	MAE
RAPGEF1	chr9	134452156	134612925	BAE
RAPGEF6	chr5	130759613	130970929	BAE
RASSF2	chr20	4760669	4804291	BAE
RASSF3	chr12	65004292	65091347	BAE
RB1	chr13	48877882	49056026	BAE
RBBP6	chr16	24550907	24584183	BAE
RBL2	chr16	53468350	53525560	BAE
RBM25	chr14	73525220	73588076	BAE
RBMS3	chr3	29322802	30051886	MAE
RCL1	chr9	4792833	4861064	BAE
REPS1	chr6	139225619	139309398	BAE
RERE	chr1	8412463	8877699	BAE
REXO1	chr19	1815244	1848452	BAE
RFFL	chr17	33336130	33416348	BAE
RFT1	chr3	53122500	53164470	BAE
RGL1	chr1	183605207	183897666	BAE
RGS6	chr14	72398816	73033238	MAE
RHOH	chr4	40198526	40246281	BAE
RHOT1	chr17	30469472	30552746	BAE
RIC3	chr11	8127596	8190590	MAE
RIC8B	chr12	107168398	107283094	BAE
RIF1	chr2	152266396	152333860	BAE
RIN3	chr14	92980124	93155334	BAE
RIOK2	chr5	96496570	96519005	BAE
RNASET2	chr6	167343003	167370077	BAE
RND3	chr2	151324706	151344209	MAE
RNF103	chr2	86830515	86851000	BAE
RNF122	chr8	33405272	33424643	BAE
RNF4	chr4	2470794	2517586	BAE
RNGTT	chr6	89319988	89673348	BAE
ROBO1	chr3	78646387	79817059	MAE
ROBO2	chr3	77089293	77699114	MAE
ROCK2	chr2	11321777	11484711	BAE
RORA	chr15	60780482	61521502	BAE
RPA2	chr1	28218048	28241236	BAE
RPA3	chr7	7676574	7758238	BAE
RPH3A	chr12	113229548	113336684	MAE
RPL13	chr16	89627064	89633237	BAE
RPL26	chr17	8280833	8286565	BAE
RPL5	chr1	93297593	93307481	BAE
RPN1	chr3	128338812	128369719	BAE
RPS9	chr19	54704725	54711515	BAE
RREB1	chr6	7107829	7252213	BAE
RSBN1L	chr7	77325742	77409120	BAE
RSRC1	chr3	157827891	158262576	BAE
RSU1	chr10	16632616	16859453	BAE
RTN4	chr2	55199326	55277734	BAE
RTTN	chr18	67671042	67872962	BAE
RUNX1	chr21	36160097	36421595	BAE
RWDD1	chr6	116892582	116914436	BAE
RYK	chr3	133875977	133969586	BAE
SAE1	chr19	47634079	47713893	BAE
SAMD12	chr8	119201694	119634184	MAE
SAMD8	chr10	76871392	76941881	BAE
SAMSN1	chr21	15857548	15955723	BAE
SAP130	chr2	128698790	128784869	BAE
SASH1	chr6	148663728	148873184	MAE
SCARB1	chr12	125262173	125348519	BAE
SCFD2	chr4	53739150	54232242	BAE
SCMH1	chr1	41492870	41707815	BAE
SCTR	chr2	120197418	120282028	MAE
SCYL3	chr1	169821803	169863076	BAE
SDAD1	chr4	76871067	76912113	BAE
SEC24D	chr4	119643977	119757326	BAE
SEC61A1	chr3	127771211	127790526	BAE
SELL	chr1	169659805	169680843	BAE
SEMA4D	chr9	91975705	92094611	BAE
SEMA6A	chr5	115779250	115910551	BAE
SENP3	chr17	7465308	7475287	BAE
SENP5	chr3	196594726	196661584	BAE
SENP6	chr6	76311621	76427994	BAE
SERP1	chr3	150259779	150264428	BAE
SERPINB6	chr6	2948392	2972399	MAE
SERPINB9	chr6	2887499	2903546	BAE
SESN3	chr11	94906132	94964246	MAE
SETBP1	chr18	42260862	42648475	MAE
SETDB1	chr1	150898814	150937220	BAE
SF3B3	chr16	70557690	70611571	BAE
SFMBT1	chr3	52937582	53080089	BAE
SGOL2	chr2	201390864	201448818	BAE
SGPP2	chr2	223289321	223423617	BAE
SHCBP1	chr16	46614467	46655311	BAE
SHMT1	chr17	18231186	18266856	BAE
SIDT1	chr3	113251217	113348422	BAE
SIGLEC5	chr19	52114755	52133727	MAE
SIL1	chr5	138282409	138534065	BAE
SIN3A	chr15	75661719	75748124	BAE
SIPA1L1	chr14	71996041	72206120	BAE
SLAMF1	chr1	160579890	160617081	BAE
SLAMF6	chr1	160454819	160493052	BAE
SLC12A6	chr15	34522196	34630265	BAE
SLC15A4	chr12	129277738	129308541	BAE
SLC16A7	chr12	60083125	60175408	BAE
SLC19A2	chr1	169433148	169455208	BAE
SLC1A4	chr2	65215578	65251000	BAE
SLC23A2	chr20	4833001	4990939	BAE
SLC25A17	chr22	41165638	41215392	BAE
SLC25A26	chr3	66119284	66429351	BAE
SLC29A3	chr10	73079009	73123147	MAE
SLC30A5	chr5	68389775	68426899	BAE
SLC30A9	chr4	41992522	42089551	BAE
SLC31A1	chr9	115983807	116026772	BAE
SLC35A1	chr6	88182642	88222057	BAE
SLC35D1	chr1	67465014	67520080	BAE
SLC35E3	chr12	69139935	69159853	BAE
SLC35F2	chr11	107661716	107729914	BAE
SLC35F5	chr2	114471932	114514400	BAE
SLC36A4	chr11	92880849	92931095	BAE
SLC37A1	chr21	43919741	44001550	BAE
SLC38A2	chr12	46751970	46766645	BAE
SLC38A4	chr12	47158543	47219780	BAE
SLC39A10	chr2	196521531	196602426	BAE
SLC39A11	chr17	70642084	71088853	BAE
SLC39A8	chr4	103172197	103266410	BAE
SLC3A1	chr2	44502596	44547962	BAE
SLC41A1	chr1	205758220	205782161	MAE
SLC4A4	chr4	72053002	72437804	MAE
SLC7A1	chr13	30083550	30169825	BAE
SLC7A11	chr4	139085247	139163503	BAE
SLC7A6OS	chr16	68334517	68344868	BAE
SLC8A3	chr14	70510933	70655787	MAE
SLC9A9	chr3	142984063	143567373	BAE
SLCO4C1	chr5	101569691	101632253	MAE
SLCO5A1	chr8	70584567	70747299	BAE
SLIT3	chr5	168093070	168728133	MAE
SMAD2	chr18	45359465	45457515	BAE
SMAD5	chr5	135468535	135518422	BAE
SMAP1	chr6	71377478	71571716	BAE
SMARCA2	chr9	2015341	2193623	BAE
SMARCAD1	chr4	95128758	95212443	BAE
SMARCE1	chr17	38783975	38804103	BAE
SMEK2	chr2	55775513	55844796	BAE
SMPD3	chr16	68392229	68482409	BAE
SMYD3	chr1	245912641	246670644	BAE
SMYD4	chr17	1682828	1733175	BAE
SNAP29	chr22	21213291	21245501	BAE
SNCA	chr4	90645249	90759447	MAE
SNX13	chr7	17830384	17980131	BAE
SNX19	chr11	130745765	130786382	BAE
SNX5	chr20	17922243	17949490	BAE
SOAT1	chr1	179262848	179327814	BAE
SOCS5	chr2	46926098	46989927	BAE
SORBS2	chr4	186506597	186877870	MAE
SORCS3	chr10	106400858	107024993	MAE
SORL1	chr11	121322911	121504471	BAE
SOS2	chr14	50583845	50698099	BAE
SOX6	chr11	15987994	16497935	MAE
SP100	chr2	231280870	231410317	BAE
SP110	chr2	231033644	231084827	BAE
SP140	chr2	231090444	231177930	BAE
SPAG16	chr2	214149115	215275225	BAE
SPAG5	chr17	26904582	26926056	BAE
SPCS3	chr4	177241089	177253396	BAE
SPG20	chr13	36875774	36944317	MAE
SPG7	chr16	89574804	89624174	BAE
SPON1	chr11	13984183	14289679	BAE
SPOP	chr17	47676245	47755525	BAE
SPPL3	chr12	121200312	121342155	BAE
SPSB1	chr1	9352940	9429590	MAE
SPTLC2	chr14	77972339	78083110	MAE
SQSTM1	chr5	179233387	179265077	BAE
SRGAP2	chr1	206516199	206637783	BAE
SSBP2	chr5	80713178	81047072	BAE
SSBP3	chr1	54692194	54872092	BAE
ST3GAL1	chr8	134467090	134584183	BAE
ST3GAL6	chr3	98451571	98513236	MAE
ST6GAL1	chr3	186648314	186796341	BAE
ST6GALNAC5	chr1	77333185	77529737	MAE
ST7	chr7	116593380	116870075	BAE
ST7L	chr1	113066140	113162040	BAE
ST8SIA4	chr5	100142638	100238987	BAE
STAM	chr10	17686123	17758821	BAE
STAM2	chr2	152973314	153032506	BAE
STARD13	chr13	33677271	34250932	MAE
STARD3NL	chr7	38217807	38270272	BAE
STAT3	chr17	40465342	40540513	BAE
STAU2	chr8	74332603	74659162	BAE
STEAP2	chr7	89840999	89866992	MAE
STEAP3	chr2	119981383	120023227	BAE
STIM1	chr11	3876932	4114440	BAE
STK10	chr5	171469073	171615346	BAE
STK17B	chr2	196998306	197036336	BAE
STK24	chr13	99102454	99229396	BAE
STK3	chr8	99466858	99954799	BAE
STK38L	chr12	27397077	27478890	BAE
STK39	chr2	168810529	169104105	MAE
STX7	chr6	132778662	132834337	BAE
STXBP5	chr6	147525493	147711612	BAE
STXBP6	chr14	25281305	25519095	MAE
STYXL1	chr7	75625654	75677321	BAE
SUCLG2	chr3	67410883	67705038	BAE
SUFU	chr10	104263718	104393214	BAE
SUMF1	chr3	4402828	4508966	BAE
SUSD1	chr9	114803060	114937556	BAE
SUV420H1	chr11	67923506	67980784	BAE
SUZ12	chr17	30264043	30328057	BAE
SV2A	chr1	149874871	149889434	MAE
SVIL	chr10	29746276	30024730	MAE
SYK	chr9	93564011	93660842	BAE
SYNE2	chr14	64319682	64693167	BAE
SYNGAP1	chr6	33387846	33421466	BAE
SYVN1	chr11	64894750	64902003	BAE
TACC1	chr8	38585703	38710546	BAE
TAF4B	chr18	23806408	23971650	BAE
TAOK1	chr17	27717942	27878921	BAE
TAOK2	chr16	29985187	30003582	BAE
TAOK3	chr12	118587605	118810750	BAE
TARBP1	chr1	234527058	234614849	BAE
TASP1	chr20	13370035	13619583	BAE
TBC1D1	chr4	37892704	38140796	BAE
TBC1D22A	chr22	47158517	47571342	BAE
TBC1D4	chr13	75858808	76056250	MAE
TBC1D5	chr3	17198653	17784240	BAE
TBCA	chr5	76986994	77072185	BAE
TBCD	chr17	80709939	80901062	BAE
TBL1XR1	chr3	176738541	176915048	BAE
TCERG1	chr5	145826872	145891069	BAE
TCF12	chr15	57210832	57580714	BAE
TCF4	chr18	52889561	53303188	BAE
TCL1A	chr14	96176303	96180533	MAE
TCP1	chr6	160199529	160210735	BAE
TCP11L1	chr11	33060962	33095109	BAE
TEAD1	chr11	12695968	12966284	MAE
TEC	chr4	48137799	48271814	BAE
TESK2	chr1	45809554	45956840	BAE
TEX10	chr9	103064356	103115259	BAE
TFB1M	chr6	155577263	155635617	BAE
TFG	chr3	100428133	100467811	BAE
TGDS	chr13	95226307	95248511	BAE
THADA	chr2	43457974	43823185	BAE
THUMPD3	chr3	9404716	9428475	MAE
TIAM2	chr6	155411422	155578857	BAE
TICAM2	chr5	114914338	114938176	BAE
TIRAP	chr11	126152981	126164828	MAE
TJP2	chr9	71736179	71870124	BAE
TLE4	chr9	82186877	82341656	BAE
TLK2	chr17	60556385	60692841	BAE
TLR6	chr4	38825328	38858438	BAE
TM9SF2	chr13	100153727	100215276	BAE
TMED3	chr15	79603490	79615189	BAE
TMED4	chr7	44618761	44621827	BAE
TMEM33	chr4	41937136	41962824	BAE
TMEM41B	chr11	9302200	9336315	BAE
TMOD2	chr15	52043757	52108558	BAE
TMOD3	chr15	52121824	52204331	BAE
TMPRSS3	chr21	43791995	43816955	MAE
TNFRSF10B	chr8	22877647	22926700	BAE
TNFSF11	chr13	43136871	43182149	MAE
TNIK	chr3	170780291	171178197	BAE
TNKS2	chr10	93558150	93625232	BAE
TNPO1	chr5	72112417	72210215	BAE
TNPO3	chr7	128594233	128695227	BAE
TOM1L1	chr17	52978051	53039328	MAE
TP53INP1	chr8	95938199	95961615	BAE
TPD52	chr8	80947104	81083836	BAE
TPP2	chr13	103249285	103331523	BAE
TPR	chr1	186280785	186344457	BAE
TRA2A	chr7	23544400	23571656	BAE
TRAF3IP3	chr1	209929393	209955668	BAE
TRAF5	chr1	211499956	211548286	BAE
TRIM14	chr9	100831568	100881488	BAE
TRIM22	chr11	5710816	5732093	BAE
TRIM35	chr8	27142403	27168834	BAE
TRIM38	chr6	25963070	25985352	BAE
TRIO	chr5	14143828	14509458	BAE
TRPA1	chr8	72933485	72987819	BAE
TRPC4AP	chr20	33590206	33680618	BAE
TRPM2	chr21	45773483	45862964	MAE
TRPS1	chr8	116420723	116681228	MAE
TRRAP	chr7	98476112	98610866	BAE
TSEN2	chr3	12525930	12574820	BAE
TSSC1	chr2	3192740	3381653	BAE
TTC12	chr11	113185250	113237114	BAE
TTC21B	chr2	166729871	166810348	BAE
TTC3	chr21	38445570	38575408	BAE
TTC7A	chr2	47168312	47303275	BAE
TTC9C	chr11	62495951	62506108	BAE
TTN	chr2	179390716	179672150	BAE
TULP4	chr6	158733691	158932856	BAE
TXK	chr4	48068409	48136273	BAE
TXNDC5	chr6	7881482	7911047	BAE
UAP1	chr1	162531295	162569633	BAE
UBA2	chr19	34919267	34960798	BAE
UBAP1	chr9	34179002	34252521	BAE
UBAP2	chr9	33921690	34048947	BAE
UBE2D3	chr4	103717132	103790032	BAE
UBE2E1	chr3	23847383	23933131	BAE
UBE2E2	chr3	23244783	23632296	BAE
UBE2G1	chr17	4172511	4269969	BAE
UBE2H	chr7	129470572	129592800	BAE
UBE2R2	chr9	33817181	33920401	BAE
UBE3B	chr12	109915438	109974507	BAE
UBE3C	chr7	156931654	157062066	BAE
UBL3	chr13	30338544	30424820	MAE
UBP1	chr3	33429828	33481897	BAE
UBQLN1	chr9	86274877	86323168	BAE
UBR2	chr6	42531759	42661243	BAE
UCHL3	chr13	76123926	76180068	BAE
UCK2	chr1	165796731	165880855	BAE
UGP2	chr2	64068097	64118696	BAE
UHRF2	chr9	6413150	6507051	BAE
UMPS	chr3	124449212	124468119	BAE
UPF2	chr10	11962020	12085169	BAE
USH2A	chr1	215796235	216596738	MAE
USP10	chr16	84733554	84813527	BAE
USP13	chr3	179370932	179507189	BAE
USP15	chr12	62654120	62803501	BAE
USP33	chr1	78161673	78225537	BAE
USP34	chr2	61414589	61697849	BAE
USP37	chr2	219314973	219433084	BAE
USP4	chr3	49314576	49377536	BAE
USP6NL	chr10	11502508	11653679	BAE
USP7	chr16	8985950	9057341	BAE
UST	chr6	149068270	149398126	MAE
UTRN	chr6	144612872	145174170	BAE
UXS1	chr2	106709758	106810795	BAE
VAPA	chr18	9913954	9960018	BAE
VASH1	chr14	77228234	77249363	MAE
VGLL4	chr3	11597543	11762220	BAE
VPS13C	chr15	62144589	62352664	BAE
VPS54	chr2	64119666	64246214	BAE
VTI1A	chr10	114206755	114578504	BAE
WAC	chr10	28821421	28912041	BAE
WARS2	chr1	119573838	119683295	BAE
WBP11	chr12	14939411	14956401	BAE
WBP4	chr13	41635696	41658139	BAE
WDFY3	chr4	85590692	85887544	MAE
WDHD1	chr14	55405655	55493819	BAE
WDR36	chr5	110427869	110466200	BAE
WDR37	chr10	1102775	1178237	BAE
WDR41	chr5	76728068	76788332	BAE
WDR47	chr1	109512837	109584850	BAE
WDR53	chr3	196281058	196295413	MAE
WDR62	chr19	36545782	36596012	BAE
WDR7	chr18	54318615	54697036	BAE
WDR70	chr5	37379411	37752774	BAE
WDR77	chr1	111982511	111991830	BAE
WNK1	chr12	862088	1020618	BAE
WNT10A	chr2	219745254	219758651	BAE
WRN	chr8	30890777	31031277	BAE
WSB2	chr12	118470491	118498951	BAE
WTAP	chr6	160148151	160177351	BAE
WWOX	chr16	78133326	79246564	BAE
WWP1	chr8	87354993	87480178	BAE
XPNPEP1	chr10	111624523	111683311	BAE
XPO1	chr2	61705068	61765418	BAE
XPO6	chr16	28109315	28223190	BAE
XRCC2	chr7	152343586	152373250	BAE
XRCC4	chr5	82373316	82649579	BAE
XRCC5	chr2	216974019	217071016	BAE
XYLT1	chr16	17196180	17564738	MAE
YARS	chr1	33240839	33283633	BAE
YEATS4	chr12	69753531	69784576	BAE
YES1	chr18	721591	812327	MAE
YLPM1	chr14	75230068	75304013	BAE
YPEL2	chr17	57409052	57479095	MAE
YWHAE	chr17	1247833	1303556	BAE
YWHAQ	chr2	9724105	9771106	BAE
ZAK	chr2	173940564	174132737	BAE
ZBTB1	chr14	64971291	65000408	BAE
ZBTB20	chr3	114056946	114866127	BAE
ZC3H11A	chr1	203764750	203823256	BAE
ZC3H8	chr2	112973438	113012664	BAE
ZCCHC11	chr1	52888947	53018762	BAE
ZCCHC2	chr18	60190657	60245818	BAE
ZCCHC6	chr9	88902647	88969402	BAE
ZCCHC7	chr9	37120468	37358145	BAE
ZDHHC13	chr11	19138691	19197967	BAE
ZDHHC2	chr8	17013835	17080241	BAE
ZDHHC20	chr13	21946709	22033508	BAE
ZDHHC21	chr9	14611068	14693480	BAE
ZDHHC7	chr16	85008066	85045141	BAE
ZFYVE1	chr14	73436158	73493920	BAE
ZFYVE26	chr14	68213236	68283306	BAE
ZHX2	chr8	123793900	123986755	BAE
ZMAT5	chr22	30126944	30162969	BAE
ZMYND11	chr10	180404	300577	BAE
ZNF124	chr1	247285276	247335318	MAE
ZNF141	chr4	331595	367691	BAE
ZNF189	chr9	104161162	104172942	BAE
ZNF202	chr11	123594996	123612363	BAE
ZNF207	chr17	30677156	30697468	BAE
ZNF225	chr19	44617547	44637255	BAE
ZNF235	chr19	44790500	44809178	MAE
ZNF236	chr18	74536115	74682682	BAE
ZNF239	chr10	44051792	44070066	MAE
ZNF25	chr10	38238794	38265453	BAE
ZNF266	chr19	9523270	9546234	BAE
ZNF326	chr1	90460677	90494094	BAE
ZNF333	chr19	14800869	14831772	BAE
ZNF346	chr5	176449696	176493745	BAE
ZNF37A	chr10	38383263	38412278	BAE
ZNF398	chr7	148823507	148880118	BAE
ZNF407	chr18	72342918	72777628	BAE
ZNF410	chr14	74353317	74398991	BAE
ZNF451	chr6	56954827	57035098	BAE
ZNF496	chr1	247463621	247495045	BAE
ZNF516	chr18	74069636	74207146	MAE
ZNF527	chr19	37862058	37883966	BAE
ZNF536	chr19	30863327	31048965	MAE
ZNF557	chr19	7069470	7087978	BAE
ZNF571	chr19	38055154	38085673	MAE
ZNF583	chr19	56915382	56936400	BAE
ZNF600	chr19	53268747	53290034	BAE
ZNF623	chr8	144718372	144735900	BAE
ZNF638	chr2	71558884	71662191	BAE
ZNF680	chr7	63980254	64023505	BAE
ZNF7	chr8	146052902	146068606	BAE
ZNF74	chr22	20748404	20762753	MAE
ZNF79	chr9	130186652	130207651	BAE
ZNF8	chr19	58790317	58807254	BAE
ZNF84	chr12	133613877	133639885	BAE
ZW10	chr11	113603904	113644485	BAE
ZZEF1	chr17	3907738	4046253	BAE
ZZZ3	chr1	78030189	78148343	BAE
